id,composition,family,has_cif,source,is_integer_stoich,mp_formula,mp_found,has_family
jqc,Li7BiO6,hexaoxometalates,True,obelix,True,Li7Bi1O6,False,True
oi6,Li7SbO6,hexaoxometalates,True,obelix,True,Li7Sb1O6,False,True
2t8,LiV(PO4)F,Tavorite,True,obelix,True,Li1V1P1O4F1,False,True
47i,Li4P2O7,diphosphate,True,obelix,True,Li4P2O7,True,True
clt,Li6CuB4O10,copper pyroborate,True,obelix,True,Li6Cu1B4O10,False,True
ix1,Li0.91Hf2.022(PO4)3,NASICON,True,obelix,False,,False,True
bq9,Li3BiO3,oxides,True,obelix,True,Li3Bi1O3,False,True
skm,Li5BiO5,oxides,True,obelix,True,Li5Bi1O5,False,True
pwr,Li7.22Si1.5P0.5O8,LISICON,True,obelix,False,,True,True
b4c,Li4SiS4,thio-LISICON,True,obelix,True,Li4Si1S4,False,True
7se,Li3.8Si0.8P0.2S4,thio-LISICON,False,obelix,False,,True,True
5e2,Li3.6Si0.6P0.4S4,thio-LISICON,False,obelix,False,,True,True
dj2,Li3.4Si0.4P0.6S4,thio-LISICON,False,obelix,False,,True,True
10u,Li3.2Si0.2P0.8S4,thio-LISICON,False,obelix,False,,True,True
y2l,Li5AlS4,thio-LISICON,True,obelix,True,Li5Al1S4,False,True
gl0,Li4.2Si0.8Al0.2S4,thio-LISICON,False,obelix,False,,False,True
wmr,Li4.4Si0.6Al0.4S4,thio-LISICON,False,obelix,False,,False,True
xxq,Li4.6Si0.4Al0.6S4,thio-LISICON,False,obelix,False,,False,True
h8o,Li4.8Si0.2Al0.8S4,thio-LISICON,False,obelix,False,,False,True
pe2,Li17Sb13S28,,True,obelix,True,Li17Sb13S28,False,False
opo,Li0.6[Li0.2Sn0.8S2],layered,True,obelix,False,,True,True
lkm,Li6Ge2O7,,True,obelix,True,Li6Ge2O7,True,False
bv2,LiYO2,oxides,True,obelix,True,Li1Y1O2,False,True
be9,LiGaBr4,halides,True,obelix,True,Li1Ga1Br4,False,True
n27,LiBO2,,True,obelix,True,Li1B1O2,False,False
goi,LiClC3H7NO,,True,obelix,True,Li1Cl1C3H7N1O1,False,False
lrh,Li2.5V2(PO4)3,NASICON,True,obelix,False,,True,True
1xt,LiSbO2,oxides,True,obelix,True,Li1Sb1O2,False,True
kbo,Li2Sr2Al(PO4)3,NASICON,True,obelix,True,Li2Sr2Al1P3O12,False,True
5zv,Li4Zn(PO4)2,phosphates,True,obelix,True,Li4Zn1P2O8,False,True
5bz,Li3BN2,boron nitride,True,obelix,True,Li3B1N2,False,True
883,LiAlH4,hydrides,True,obelix,True,Li1Al1H4,False,True
uu4,LiVO3,oxides,True,obelix,True,Li1V1O3,False,True
tws,Li6Zr2O7,zirconates,True,obelix,True,Li6Zr2O7,True,True
l9v,Li3AlF6,fluorides,True,obelix,True,Li3Al1F6,False,True
t0h,Li2ZrO3,oxides,True,obelix,True,Li2Zr1O3,False,True
4kt,Li2CrCl4,halides,True,obelix,True,Li2Cr1Cl4,False,True
xas,Li2SnS3,sulfides,True,obelix,True,Li2Sn1S3,False,True
kfp,Li2BaP2O7,pyrophosphate,True,obelix,True,Li2Ba1P2O7,False,True
qy4,Li3Na5(TiS4)2,sulfides,True,obelix,True,Li3Na5Ti2S8,False,True
00x,LiGd(PO3)4,phosphates,True,obelix,True,Li1Gd1P4O12,False,True
9wf,Li3ErI6,halides,True,obelix,True,Li3Er1I6,False,True
dmq,Li3AlS3,sulfides,True,obelix,True,Li3Al1S3,False,True
uox,Li3.7Zn0.7Ga0.3(PO4)2,phosphates,True,obelix,False,,False,True
joc,Li3PS4,thio-LISICON,True,obelix,True,Li3P1S4,False,True
mq1,Li3SbS4,thio-LISICON,True,obelix,True,Li3Sb1S4,False,True
ssv,Li3P0.2V0.8O4,LISICON,False,obelix,False,,True,True
h6c,Li3VO4,LISICON,True,obelix,True,Li3V1O4,False,True
bsa,LiGaO2,oxides,True,obelix,True,Li1Ga1O2,False,True
mde,LiB6O9F,fluorooxoborate,True,obelix,True,Li1B6O9F1,False,True
1e9,Li3SbS3,sulfides,True,obelix,True,Li3Sb1S3,False,True
an2,Li6SiO4Cl2,argyrodite,True,obelix,True,Li6Si1O4Cl2,False,True
tka,LiSi2N3,nitride,True,obelix,True,Li1Si2N3,False,True
cdk,Li2(PO2N),LIPON,True,obelix,True,Li2P1O2N1,False,True
fwz,Li2SiS3,thio-LISICON,True,obelix,True,Li2Si1S3,False,True
hln,LiGa2GeS6,sulfides,False,obelix,True,Li1Ga2Ge1S6,False,True
cy2,La0.64Li0.08TiO3,perovskites,True,obelix,False,,True,True
5tl,La0.62Li0.14TiO3,perovskites,True,obelix,False,,True,True
u2y,La0.595Li0.215TiO3,perovskites,True,obelix,False,,True,True
kxh,Pr0.56Li0.34TiO3.01,perovskites,False,obelix,False,,False,True
3we,Nd0.55Li0.34TiO3,perovskites,False,obelix,False,,True,True
5z0,Li5AlO4,oxides,True,obelix,True,Li5Al1O4,False,True
472,Li14Nd5(Si11N19O5)O2F2,nitridosilicates,True,obelix,True,Li14Nd5Si11N19O7F2,True,True
9zk,Li5GaO4,oxides,True,obelix,True,Li5Ga1O4,False,True
dnt,Li2CrTi(PO4)3,NASICON,True,obelix,True,Li2Cr1Ti1P3O12,False,True
g5g,Li2CrZr(PO4)3,NASICON,False,obelix,True,Li2Cr1Zr1P3O12,False,True
hpu,Li2CrHf(PO4)3,NASICON,False,obelix,True,Li2Cr1Hf1P3O12,False,True
c6h,Li2FeTi(PO4)3,NASICON,True,obelix,True,Li2Fe1Ti1P3O12,False,True
vzu,Li2FeZr(PO4)3,NASICON,True,obelix,True,Li2Fe1Zr1P3O12,False,True
a3e,Li2InHf(PO4)3,NASICON,False,obelix,True,Li2In1Hf1P3O12,False,True
ubi,Li2InTi(PO4)3,NASICON,False,obelix,True,Li2In1Ti1P3O12,False,True
9z8,Li2InZr(PO4)3,NASICON,False,obelix,True,Li2In1Zr1P3O12,False,True
nhq,Li3PS4,thio-LISICON,True,obelix,True,Li3P1S4,False,True
w7d,Li3PO4,LISICON,True,obelix,True,Li3P1O4,False,True
fj5,Li6.5O8P1.5Si0.5,LISICON,True,obelix,False,,True,True
gxz,Li4Zn(PO4)2,phosphates,True,obelix,True,Li4Zn1P2O8,False,True
tbu,Li3.5Zn0.5Ga0.5(PO4)2,phosphates,True,obelix,False,,False,True
uxo,Li2.88PO3.73N0.14,LISICON,True,obelix,False,,True,True
e6b,Li4GeS4,thio-LISICON,True,obelix,True,Li4Ge1S4,False,True
pbz,Li3.75Ge0.75V0.25O4,LISICON,True,obelix,False,,True,True
7ek,Li3.70Ge0.85W0.15O4,LISICON,True,obelix,False,,False,True
86k,Li0.2Ca0.4TaO3,perovskites,False,obelix,False,,True,True
kmv,Li4SnS4,Chalcogenidotetrelates,True,obelix,True,Li4Sn1S4,False,True
n7a,Li2.5Y0.5Zr0.5Cl6,halides,False,obelix,False,,False,True
i6k,Sm0.52Li0.38TiO2.97,perovskites,False,obelix,False,,False,True
x94,Li4SiS4,thio-LISICON,False,obelix,True,Li4Si1S4,False,True
e6e,Li3.2Ge0.2P0.8O4,LISICON,False,obelix,False,,True,True
ylh,Li3.2Ge0.2V0.8O4,LISICON,False,obelix,False,,True,True
eij,Li3.4Ge0.4P0.6O4,LISICON,False,obelix,False,,True,True
ldd,Li3.4Ge0.4V0.6O4,LISICON,False,obelix,False,,True,True
efb,Li3.6Ge0.6P0.4O4,LISICON,False,obelix,False,,True,True
lcm,Li3.6Ge0.6V0.4O4,LISICON,False,obelix,False,,True,True
mgs,Li3.8Ge0.8P0.2O4,LISICON,False,obelix,False,,True,True
31s,Li3.8Ge0.8V0.2O4,LISICON,False,obelix,False,,True,True
dku,Li3P0.4V0.6O4,LISICON,False,obelix,False,,True,True
ndx,Li3P0.6V0.4O4,LISICON,False,obelix,False,,True,True
m0j,Li3P0.8V0.2O4,LISICON,False,obelix,False,,True,True
9lo,Li3PO4,LISICON,True,obelix,True,Li3P1O4,False,True
dth,Li4GeO4,LISICON,True,obelix,True,Li4Ge1O4,False,True
45e,Li2MgBr4,halides,True,obelix,True,Li2Mg1Br4,False,True
x2i,LiBiO2,oxides,True,obelix,True,Li1Bi1O2,False,True
xz4,(Li0.5Ce0.5)(MoO4),molybdates,True,obelix,False,,True,True
hja,(Li0.5Ce0.25Pr0.25)(MoO4),molybdates,True,obelix,False,,True,True
3nb,(Li0.5Ce0.25Sm0.25)(MoO4),molybdates,True,obelix,False,,True,True
qa9,Li3BN2,boron nitride,True,obelix,True,Li3B1N2,False,True
ihb,Li0.33La0.56Ti0.99Al0.01O2.99F0.01,perovskites,False,obelix,False,,False,True
3k7,Li0.33La0.56Ti0.98Al0.02O2.98F0.02,perovskites,False,obelix,False,,False,True
1sz,Li0.33La0.56Ti0.97Al0.03O2.97F0.03,perovskites,False,obelix,False,,False,True
yh8,Li0.33La0.56Ti0.96Al0.04O2.96F0.04,perovskites,False,obelix,False,,False,True
coh,Li0.33La0.56Ti0.95Al0.05O2.95F0.05,perovskites,False,obelix,False,,False,True
1pw,Li0.33La0.56Ti0.94Al0.06O2.94F0.06,perovskites,False,obelix,False,,False,True
bw3,Li0.33La0.56Ti0.93Al0.07O2.93F0.07,perovskites,False,obelix,False,,False,True
my5,Li0.33La0.56Ti0.92Al0.08O2.92F0.08,perovskites,False,obelix,False,,False,True
hta,La0.565Li0.305TiO3,perovskites,True,obelix,False,,True,True
s3h,La0.5Li0.5TiO3,perovskites,True,obelix,False,,True,True
nua,Li(LaTiO4),perovskites,True,obelix,True,Li1La1Ti1O4,False,True
3rx,Li(NdTiO4),perovskites,True,obelix,True,Li1Nd1Ti1O4,False,True
7e5,La0.65Li0.05(Mg0.5W0.5)O3,perovskites,True,obelix,False,,False,True
sib,La0.63Li0.11(Mg0.5W0.5)O3,perovskites,True,obelix,False,,False,True
r99,La0.62 Li0.14(Mg0.5W0.5)O3,perovskites,True,obelix,False,,False,True
lol,Li4PS4I,thio-LISICON,True,obelix,True,Li4P1S4I1,False,True
d7f,Li3BiO4,oxides,True,obelix,True,Li3Bi1O4,False,True
52b,Li10.05Ge1.05P1.95S12,LGPS,False,obelix,False,,True,True
8po,Li10.2Ge1.2P1.8S12,LGPS,False,obelix,False,,True,True
ya8,Li10.5Ge1.5P1.5S12,LGPS,False,obelix,False,,True,True
j8q,Li10GeP2S12,LGPS,True,obelix,True,Li10Ge1P2S12,False,True
824,Li10.35Ge1.35P1.65S12,LGPS,True,obelix,False,,True,True
mqo,Li3.45Si0.45P0.55S4,LGPS,False,obelix,False,,True,True
izs,Li3.475Si0.475P0.525S4,LGPS,False,obelix,False,,True,True
8nc,Li3.425Si0.425P0.575S4,LGPS,False,obelix,False,,True,True
3sx,Li3.4Si0.4P0.6S4,LGPS,False,obelix,False,,True,True
xga,Li3.335Sn0.33P0.67S4,LGPS,False,obelix,False,,True,True
xn9,Li3.3Sn0.3P0.7S4,LGPS,False,obelix,False,,True,True
sg4,Li3.285Sn0.28P0.72S4,LGPS,False,obelix,False,,True,True
ns3,Li3.27Sn0.27P0.73S4,LGPS,False,obelix,False,,True,True
g8j,Li3.26Sn0.26P0.74S4,LGPS,False,obelix,False,,True,True
bim,Li3.25Sn0.25P0.75S4,LGPS,False,obelix,False,,True,True
02p,Li10SiP2S12,LGPS,True,obelix,True,Li10Si1P2S12,False,True
9lx,Li10SnP2S12,LGPS,True,obelix,True,Li10Sn1P2S12,False,True
mtn,Li10GeP2S12,LGPS,True,obelix,True,Li10Ge1P2S12,False,True
9rc,Li10(Ge0.776Sn0.224)P2S12,LGPS,True,obelix,False,,False,True
13q,Li10SnP2S12,LGPS,True,obelix,True,Li10Sn1P2S12,False,True
ik8,Li10(Ge0.416Sn0.584)P2S12,LGPS,True,obelix,False,,False,True
nip,Li9.81Sn0.81P2.19S12,LGPS,True,obelix,False,,True,True
1hh,Li10GeP2S12,LGPS,True,obelix,True,Li10Ge1P2S12,False,True
8ub,Li10.5(Sn0.2Si0.8)1.5P1.5S12,LGPS,True,obelix,False,,False,True
7tu,Li10.2(Sn0.2Si0.8)1.2P1.8S12,LGPS,True,obelix,False,,False,True
ui6,Li10.35(Sn0.27Si1.08)P1.65S12,LGPS,True,obelix,False,,False,True
nkr,Li10GeP2S12,LGPS,True,obelix,True,Li10Ge1P2S12,False,True
906,Li9.8Ba0.1GeP2S12,LGPS,False,obelix,False,,False,True
fnu,Li9.6Ba0.2GeP2S12,LGPS,False,obelix,False,,False,True
pfi,Li9.4Ba0.3GeP2S12,LGPS,False,obelix,False,,False,True
f0h,Li9.2Ba0.4GeP2S12,LGPS,False,obelix,False,,False,True
7iw,Li9Ba0.5GeP2S12,LGPS,False,obelix,False,,False,True
ikh,Li9.6P3S12,LGPS,False,obelix,False,,True,True
hd3,Li7GePS8,LGPS,False,obelix,True,Li7Ge1P1S8,False,True
ete,Li9.54Si1.74P1.44S11.7Cl0.3,LGPS,False,obelix,False,,True,True
k4x,Li10.35Si1.35P1.65S12,LGPS,True,obelix,False,,True,True
ia5,LiLaNb2O7,perovskites,True,obelix,True,Li1La1Nb2O7,False,True
sg0,LiScO2,oxides,True,obelix,True,Li1Sc1O2,False,True
97b,Li0.9Sc0.9Zr0.1O2,oxides,True,obelix,False,,False,True
wyu,Li7La3Zr2O12,garnet,True,obelix,True,Li7La3Zr2O12,True,True
019,LiTi2(PO4)3,NASICON,True,obelix,True,Li1Ti2P3O12,False,True
yqu,Li1.2Ti1.8Al0.2(PO4)3,NASICON,True,obelix,False,,False,True
95j,Li3AlH6,hydrides,True,obelix,True,Li3Al1H6,False,True
0iv,Li4P2S6,thio-phosphate,True,obelix,True,Li2P1S3,False,True
2ro,Li4P2S6,thio-phosphate,True,obelix,True,Li2P1S3,False,True
deu,Li4.4Al0.4Ge0.6S4,sulfides,True,obelix,False,,False,True
usu,Li4.4Al0.4Sn0.6S4,sulfides,True,obelix,False,,False,True
ur9,LiZr2(PO4)3,NASICON,True,obelix,True,Li1Zr2P3O12,False,True
0o6,Li1.2Ti1.8Sc0.2(PO4)3,,True,obelix,False,,True,False
a3l,LiHf2(PO4)3,NASICON,False,obelix,True,Li1Hf2P3O12,False,True
4ba,LiGe2(PO4)3,NASICON,True,obelix,True,Li1Ge2P3O12,False,True
qea,LiTi2(PO4)3,NASICON,True,obelix,True,Li1Ti2P3O12,False,True
ldx,LiGe2(PO4)3,NASICON,True,obelix,True,Li1Ge2P3O12,False,True
0fh,Li1.2Al0.2Ge1.8(PO4)3,NASICON,True,obelix,False,,False,True
gw2,Li1.4Al0.4Ge1.6(PO4)3,NASICON,True,obelix,False,,False,True
1xf,Li1.5Al0.5Ge1.5(PO4)3,NASICON,True,obelix,False,,False,True
tjh,Li1.7Al0.7Ge1.3(PO4)3,NASICON,True,obelix,False,,False,True
8fn,Li1.8Al0.8Ge1.2(PO4)3,NASICON,True,obelix,False,,False,True
mdj,Li1.2Ti2Si0.2P2.8O12,NASICON,False,obelix,False,,False,True
t1l,Li1.3Ti2Si0.3P2.7O12,NASICON,False,obelix,False,,False,True
my9,Li1.2Al0.2Ti1.8(PO4)3,NASICON,True,obelix,False,,False,True
9s4,Li1.3Al0.3Ti1.7(PO4)3,NASICON,True,obelix,False,,False,True
iqt,Li1.4Al0.4Ti1.6(PO4)3,NASICON,True,obelix,False,,False,True
xa0,Li1.5Al0.5Ti1.5(PO4)3,NASICON,True,obelix,False,,False,True
f4x,Li1.2Cr0.2Ti1.8(PO4)3,NASICON,False,obelix,False,,True,True
txm,Li1.3Cr0.3Ti1.7(PO4)3,NASICON,False,obelix,False,,True,True
v1t,Li1.4Cr0.4Ti1.6(PO4)3,NASICON,False,obelix,False,,True,True
d6b,Li1.5Cr0.5Ti1.5(PO4)3,NASICON,False,obelix,False,,True,True
x9a,Li1.2Ga0.2Ti1.8(PO4)3,NASICON,False,obelix,False,,False,True
3ta,Li1.3Ga0.3Ti1.7(PO4)3,NASICON,False,obelix,False,,False,True
gjy,Li1.4Ga0.4Ti1.6(PO4)3,NASICON,False,obelix,False,,False,True
lz8,Li1.5Ga0.5Ti1.5(PO4)3,NASICON,False,obelix,False,,False,True
6st,Li1.2Fe0.2Ti1.8(PO4)3,NASICON,False,obelix,False,,True,True
t9r,Li1.3Fe0.3Ti1.7(PO4)3,NASICON,False,obelix,False,,True,True
xr7,Li1.4Fe0.4Ti1.6(PO4)3,NASICON,False,obelix,False,,True,True
pg8,Li1.5Fe0.5Ti1.5(PO4)3,NASICON,True,obelix,False,,True,True
1wm,Li1.2Sc0.2Ti1.8(PO4)3,NASICON,False,obelix,False,,True,True
do2,Li1.3Sc0.3Ti1.7(PO4)3,NASICON,False,obelix,False,,True,True
uaj,Li1.4Sc0.4Ti1.6(PO4)3,NASICON,False,obelix,False,,True,True
5u3,Li1.2In0.2Ti1.8(PO4)3,NASICON,False,obelix,False,,True,True
2eq,Li1.3In0.3Ti1.7(PO4)3,NASICON,False,obelix,False,,True,True
yn6,Li1.4In0.4Ti1.6(PO4)3,NASICON,False,obelix,False,,True,True
8jy,Li1.5In0.5Ti1.5(PO4)3,NASICON,False,obelix,False,,True,True
p4l,Li1.2La0.2Ti1.8(PO4)3,NASICON,False,obelix,False,,False,True
qkr,Li1.3La0.3Ti1.7(PO4)3,NASICON,False,obelix,False,,False,True
e0z,Li1.4La0.4Ti1.6(PO4)3,NASICON,False,obelix,False,,False,True
vus,Li1.5La0.5Ti1.5(PO4)3,NASICON,False,obelix,False,,False,True
h7r,Li(Ti1.4Sn0.6)(PO4)3,NASICON,True,obelix,False,,True,True
9ky,Li(Ti0.6Sn1.4)(PO4)3,NASICON,True,obelix,False,,True,True
4ea,Li(Ti0.4Sn1.6)(PO4)3,NASICON,True,obelix,False,,True,True
z7n,Li0.86Hf2.035(PO4)3,NASICON,True,obelix,False,,False,True
7kf,Li1.7Al0.3Ti1.6(PO4)3,NASICON,False,obelix,False,,False,True
i8k,Li1.2In0.2Ti1.8(PO4)3,NASICON,False,obelix,False,,True,True
hzf,Li1.3Al0.2Sc0.1Ti1.7(PO4)3,NASICON,False,obelix,False,,False,True
x61,Li1.3Al0.15Sc0.15Ti1.7(PO4)3,NASICON,False,obelix,False,,False,True
czo,Li1.3Al0.1Sc0.2Ti1.7(PO4)3,NASICON,False,obelix,False,,False,True
o8s,Li1.3Sc0.3Ti1.7(PO4)3,NASICON,False,obelix,False,,True,True
lap,Li1.3Al0.3Ti1.7(PO4)3,NASICON,True,obelix,False,,False,True
yp3,LiTi2(PO4)3,NASICON,True,obelix,True,Li1Ti2P3O12,False,True
tzl,Li1.05Al0.05Ti1.95(PO4)3,NASICON,False,obelix,False,,False,True
hyj,Li1.1Al0.1Ti1.9(PO4)3,NASICON,False,obelix,False,,False,True
mg4,Li1.3Al0.3Ti1.7(PO4)3,NASICON,True,obelix,False,,False,True
50s,Li1.4Al0.4Ti1.6(PO4)3,NASICON,False,obelix,False,,False,True
d4q,Li1.05Cr0.05Ti1.95(PO4)3,NASICON,False,obelix,False,,True,True
6he,Li1.1Cr0.1Ti1.9(PO4)3,NASICON,False,obelix,False,,True,True
pwy,Li1.2Cr0.2Ti1.8(PO4)3,NASICON,False,obelix,False,,True,True
y9l,Li1.3Cr0.3Ti1.7(PO4)3,NASICON,False,obelix,False,,True,True
rc1,Li1.05Fe0.05Ti1.95(PO4)3,NASICON,False,obelix,False,,True,True
lzt,Li1.1Fe0.1Ti1.9(PO4)3,NASICON,False,obelix,False,,True,True
kbp,Li1.2Fe0.2Ti1.8(PO4)3,NASICON,False,obelix,False,,True,True
b9u,Li1.3Fe0.3Ti1.7(PO4)3,NASICON,False,obelix,False,,True,True
3uq,Li1.3Al0.3Ge1.7(PO4)3,NASICON,True,obelix,False,,False,True
1dm,Li1.6Al0.6Ge1.4(PO4)3,NASICON,True,obelix,False,,False,True
rg6,Li1.4Al0.4Ti1.6 (PO4)3,NASICON,False,obelix,False,,False,True
ed4,Li1.2Al0.2Ge1.8(PO4)3,NASICON,False,obelix,False,,False,True
vg0,Li1.5Al0.5Ge1.5(PO4)3,NASICON,True,obelix,False,,False,True
z9y,Li1.2Al0.2Ti1.8(PO4)3,NASICON,True,obelix,False,,False,True
w3n,Li1.4Al0.4Ti1.6(PO4)3,NASICON,False,obelix,False,,False,True
ym6,Li1.3Al0.3Ti1.7(PO4)3,NASICON,True,obelix,False,,False,True
nng,Li1.6Al0.6Ge0.8Ti0.6(PO4)3,NASICON,False,obelix,False,,False,True
qno,LiTi2(PO4)3,NASICON,True,obelix,True,Li1Ti2P3O12,False,True
oxc,Li1.4Al0.4Ti1.6(PO4)3,NASICON,False,obelix,False,,False,True
dq4,Li1.3Al0.1Sc0.2Ti1.7(PO4)3,NASICON,False,obelix,False,,False,True
0fa,Li1.3Al0.2Sc0.1Ti1.7(PO4)3,NASICON,False,obelix,False,,False,True
rr5,LiTi2(PO4)3,NASICON,True,obelix,True,Li1Ti2P3O12,False,True
6j9,Li1.15Fe0.15Ti1.85(PO4)3,NASICON,False,obelix,False,,True,True
0x9,Li1.2Sc0.2Ti1.8(PO4)3,NASICON,False,obelix,False,,True,True
iwe,Li1.3Sc0.3Ti1.7(PO4)3,NASICON,False,obelix,False,,True,True
ib2,Li1.1Sc0.1Ti1.9(PO4)3,NASICON,False,obelix,False,,True,True
ppz,Li1.3In0.3Hf1.7(PO4)3,NASICON,False,obelix,False,,False,True
ci1,LiTi0.2Zr1.8(PO4)3,NASICON,False,obelix,False,,False,True
08e,LiTi1.8Zr0.2(PO4)3,NASICON,False,obelix,False,,False,True
xkh,LiTi0.1Zr1.9(PO4)3,NASICON,False,obelix,False,,False,True
wng,Li1.2In0.2Hf1.8(PO4)3,NASICON,False,obelix,False,,False,True
ncr,LiHf2(PO4)3,NASICON,False,obelix,True,Li1Hf2P3O12,False,True
dx2,Li1.1Fe0.1Hf1.9(PO4)3,NASICON,False,obelix,False,,False,True
6xc,Li1.1In0.1Hf1.9(PO4)3,NASICON,False,obelix,False,,False,True
21m,Li1.1Lu0.1Hf1.9(PO4)3,NASICON,False,obelix,False,,False,True
4k1,Li1.1Sc0.1Hf1.9(PO4)3,NASICON,False,obelix,False,,False,True
gzp,Li1.2Lu0.2Hf1.8(PO4)3,NASICON,False,obelix,False,,False,True
lh8,Li1.3Cr0.3Hf1.7(PO4)3,NASICON,False,obelix,False,,False,True
ew5,Li1.3Fe0.3Hf1.7(PO4)3,NASICON,False,obelix,False,,False,True
9l3,Li1.3In0.3Hf1.7(PO4)3,NASICON,False,obelix,False,,False,True
jdk,Li1.3Lu0.3Hf1.7(PO4)3,NASICON,False,obelix,False,,False,True
h8a,Li1.3Sc0.3Hf1.7(PO4)3,NASICON,False,obelix,False,,False,True
jq7,Li1.3Y0.3Hf1.7(PO4)3,NASICON,False,obelix,False,,False,True
ylt,Li1.4In0.4Hf1.6(PO4)3,NASICON,False,obelix,False,,False,True
gnq,Li1.4Lu0.4Hf1.6(PO4)3,NASICON,False,obelix,False,,False,True
sso,Li1.4Y0.4Hf1.6(PO4)3,NASICON,False,obelix,False,,False,True
lpx,Li1.15Y0.15Zr1.85(PO4)3,NASICON,True,obelix,False,,False,True
f7p,Li1.3Al0.2Y0.1Ti1.7(PO4)3,NASICON,False,obelix,False,,False,True
l8t,Li1.3Al0.1Y0.2Ti1.7(PO4)3,NASICON,False,obelix,False,,False,True
3tt,Li1.3Al0.15Y0.15Ti1.7(PO4)3,NASICON,False,obelix,False,,False,True
za6,Li1.1Al0.1Ge1.9(PO4)3,NASICON,False,obelix,False,,False,True
ag1,Li1.3Al0.3Ge1.7(PO4)3,NASICON,False,obelix,False,,False,True
u5t,Li1.5Al0.5Ge1.5(PO4)3,NASICON,False,obelix,False,,False,True
0y6,Li1.6Al0.6Ge1.4(PO4)3,NASICON,False,obelix,False,,False,True
yq2,Li1.1Al0.1Ti1.9(PO4)3,NASICON,True,obelix,False,,False,True
kab,Li1.3Al0.3Ti1.7(PO4)3,NASICON,True,obelix,False,,False,True
tp2,Li1.6Al0.6Ti1.4(PO4)3,NASICON,False,obelix,False,,False,True
nf0,Li1.5Al0.5Ti1.5(PO4)3,NASICON,False,obelix,False,,False,True
fkt,Li1.2La0.2Ti1.8(PO4)3,NASICON,False,obelix,False,,False,True
ctg,Li1.3La0.3Ti1.7(PO4)3,NASICON,False,obelix,False,,False,True
4t5,LiCrSb(PO4)3,NASICON,False,obelix,True,Li1Cr1Sb1P3O12,False,True
smk,LiAlSb(PO4)3,NASICON,False,obelix,True,Li1Al1Sb1P3O12,False,True
vtr,LiFeSb(PO4)3,NASICON,False,obelix,True,Li1Fe1Sb1P3O12,False,True
dc8,Li9Mg3(PO4)4F3,fluorophosphates,True,obelix,True,Li9Mg3P4O16F3,True,True
hai,Pb6.12Ca1.9Li1.96(PO4)6,phosphates,True,obelix,False,,False,True
tvf,Li3(NH2)2I,hydrides,True,obelix,True,Li3N2H4I1,False,True
u8r,Ba3LiTa5ZrSi4O26,oxides,True,obelix,True,Ba3Li1Ta5Zr1Si4O26,False,True
gvd,Li3N,nitrides,True,obelix,True,Li3N1,False,True
uex,Fe2Na2K(Li3Si12O30),sugilites,True,obelix,True,Fe2Na2K1Li3Si12O30,False,True
11b,Li3P,phosphates,True,obelix,True,Li3P1,False,True
fft,Li3N,nitrides,True,obelix,True,Li3N1,False,True
lf5,Li6BaLa2Nb2O12,garnet,False,obelix,True,Li6Ba1La2Nb2O12,False,True
68u,Li5La3Nb2O12,garnet,True,obelix,True,Li5La3Nb2O12,True,True
gyw,Li6SrLa2Ta2O12,garnet,False,obelix,True,Li6Sr1La2Ta2O12,False,True
0v9,Li5.5La3Nb1.75In0.25O12 ,garnet,False,obelix,False,,False,True
qtc,Li5.5La2.75K0.25Nb2O12 ,garnet,False,obelix,False,,False,True
vy5,(K0.1Li0.9)(SbO3),oxides,True,obelix,False,,True,True
rwr,Li8GeP4,phosphates,True,obelix,True,Li8Ge1P4,False,True
pql,Li8SiP4,phosphates,True,obelix,True,Li8Si1P4,False,True
dl7,Li2MgTi3O8,oxides,True,obelix,True,Li2Mg1Ti3O8,False,True
i12,Li2CoTi3O8,oxides,True,obelix,True,Li2Co1Ti3O8,False,True
aui,Li2CoGe3O8,oxides,True,obelix,True,Li2Co1Ge3O8,False,True
mfs,Li2ZnGe3O8,oxides,True,obelix,True,Li2Zn1Ge3O8,False,True
jl4,(Li0.61Mg0.39)(Li0.46Mg0.005Ti0.035)Ti1.5O4,oxides,True,obelix,False,,True,True
jkq,(Li0.55Mg0.45)(Li0.445Mg0.055)Ti1.5O4,oxides,True,obelix,False,,True,True
yav,Li2VCl4,cholorides,True,obelix,True,Li2V1Cl4,False,True
9yt,Li6PS5Cl0.25Br0.75,argyrodites,True,obelix,False,,False,True
122,Li6PS5Cl,argyrodites,True,obelix,True,Li6P1S5Cl1,False,True
ij5,Li6PS5Cl0.5Br0.5,argyrodites,True,obelix,False,,False,True
6jf,Li6PS5Br,argyrodites,True,obelix,True,Li6P1S5Br1,False,True
ymc,Li6PS5Br0.5I0.5,argyrodites,True,obelix,False,,False,True
ywe,Li6PS5I,argyrodites,True,obelix,True,Li6P1S5I1,False,True
kgl,Li6PS5Cl0.75Br0.25,argyrodites,True,obelix,False,,False,True
vqj,Li6PS5Br0.75I0.25,argyrodites,True,obelix,False,,False,True
h82,Li6PS5Br0.25I0.75,argyrodites,True,obelix,False,,False,True
9zr,Li6PS5Br,argyrodites,True,obelix,True,Li6P1S5Br1,False,True
a8v,Li6.025P0.975Si0.025S5Br,argyrodites,True,obelix,False,,False,True
09w,Li6.05P0.95Si0.05S5Br,argyrodites,True,obelix,False,,False,True
x2v,Li6.075P0.925Si0.075S5Br,argyrodites,True,obelix,False,,False,True
bnh,Li6.1P0.95Si0.1S5Br,argyrodites,True,obelix,False,,False,True
x9d,Li6.125P0.875Si0.125S5Br,argyrodites,True,obelix,False,,False,True
ish,Li6.175P0.825Si0.175S5Br,argyrodites,True,obelix,False,,False,True
iiy,Li6.2P0.8Si0.2S5Br,argyrodites,True,obelix,False,,False,True
3zo,Li6.225P0.775Si0.225S5Br,argyrodites,True,obelix,False,,False,True
vj7,Li6.25P0.75Si0.25S5Br,argyrodites,True,obelix,False,,False,True
wsd,Li6.3P0.7Si0.3S5Br,argyrodites,True,obelix,False,,False,True
10s,Li6.35P0.65Si0.35S5Br,argyrodites,True,obelix,False,,False,True
fkj,Li6.5P0.5Si0.5S5Br,argyrodites,True,obelix,False,,False,True
tt3,Li6PS5Cl,argyrodites,True,obelix,True,Li6P1S5Cl1,False,True
nig,Li6PS5Br,argyrodites,True,obelix,True,Li6P1S5Br1,False,True
z16,Li6P(S4.9Se0.1)Br,argyrodites,True,obelix,False,,False,True
hbz,Li6P(S4.8Se0.2)Br,argyrodites,True,obelix,False,,False,True
uut,Li6P(S4.7Se0.3)Br,argyrodites,True,obelix,False,,False,True
cju,Li6P(S4.6Se0.4)Br,argyrodites,True,obelix,False,,False,True
d9l,Li6P(S4.5Se0.5)Br,argyrodites,True,obelix,False,,False,True
96f,Li6P(S4.4Se0.6)Br,argyrodites,True,obelix,False,,False,True
1kq,Li6P(S4.3Se0.7)Br,argyrodites,True,obelix,False,,False,True
c6e,Li6P(S4.2Se0.8)Br,argyrodites,True,obelix,False,,False,True
t2c,Li6P(S4.1Se0.9)Br,argyrodites,True,obelix,False,,False,True
dlj,Li6P(S4Se)Br,argyrodites,True,obelix,True,Li6P1S4Se1Br1,False,True
w87,Li6PS5Br,argyrodites,True,obelix,True,Li6P1S5Br1,False,True
97p,Li6PS5Cl,argyrodites,True,obelix,True,Li6P1S5Cl1,False,True
p9u,Li6PS5I,argyrodites,True,obelix,True,Li6P1S5I1,False,True
5wz,Li6PS5I,argyrodites,True,obelix,True,Li6P1S5I1,False,True
5gj,Li6.1P0.90Ge0.1S5I,argyrodites,False,obelix,False,,False,True
t17,Li6.15P0.85Ge0.15S5I,argyrodites,False,obelix,False,,False,True
kf7,Li6.2P0.8Ge0.2S5I,argyrodites,False,obelix,False,,False,True
utv,Li6.25P0.75Ge0.25S5I,argyrodites,False,obelix,False,,False,True
q9f,Li6.3P0.7Ge0.3S5I,argyrodites,False,obelix,False,,False,True
5qw,Li6.4P0.6Ge0.4S5I,argyrodites,False,obelix,False,,False,True
znj,Li6.5P0.5Ge0.5S5I,argyrodites,False,obelix,False,,False,True
pa1,Li6.6P0.4Ge0.6S5I,argyrodites,True,obelix,False,,False,True
lxk,Li6.7P0.3Ge0.7S5I,argyrodites,True,obelix,False,,False,True
1m8,Li6.8P0.2Ge0.8S5I,argyrodites,True,obelix,False,,False,True
ga9,LiCe(BH4)3Cl,argyrodites,True,obelix,True,Li1Ce1B3H12Cl1,False,True
240,Li8GeP4,phosphates,True,obelix,True,Li8Ge1P4,False,True
6l9,Li4B7O12Cl,boracites,True,obelix,True,Li4B7O12Cl1,False,True
gas,Li0.31La0.63(Ti0.9Co0.1)O3,perovskites,True,obelix,False,,False,True
f5n,Li2(OH)0.9F0.1Cl,antiperovskite,False,obelix,False,,False,True
hx7,Li2(OH)Br,antiperovskite,True,obelix,True,Li2O1H1Br1,False,True
oi4,Li0.375Sr0.4375Hf0.25Ta0.75O3,perovskites,False,obelix,False,,False,True
sv7,La0.51Li0.34TiO2.94,perovskites,False,obelix,False,,True,True
qbb,Li3OBr,antiperovskite,True,obelix,True,Li3O1Br1,False,True
w1l,Li0.5Sr0.5Cr0.25Ta0.75O3,perovskites,False,obelix,False,,False,True
jce,Li0.5Sr0.5Fe0.25Ta0.75O3,perovskites,False,obelix,False,,False,True
9ph,Li0.19La0.67(Ti0.9Co0.1)O3,perovskites,True,obelix,False,,False,True
kkn,Li6NBr3,halides,True,obelix,True,Li6N1Br3,False,True
m0v,Li(Li0.34Ti1.66)O4,oxides,True,obelix,False,,True,True
6du,(Li0.916Mg0.084)(Li0.352Mg0.016Ti1.634)O4,oxides,True,obelix,False,,True,True
u0c,(Li0.826Mg0.174)(Li0.374Mg0.026Ti1.60)O4,oxides,True,obelix,False,,True,True
xub,(Li0.74Mg0.26)(Li0.40Mg0.04Ti1.56)O4,oxides,True,obelix,False,,True,True
bjw,Li2MnCl4,chlorides,True,obelix,True,Li2Mn1Cl4,False,True
dvn,Li2MgCl4,chlorides,True,obelix,True,Li2Mg1Cl4,False,True
t3k,Li1.9Mn0.9Ga0.1Cl4,chlorides,True,obelix,False,,False,True
uxi,Li1.65Mn0.65In0.35Cl4,chlorides,True,obelix,False,,False,True
r5y,Li2CdCl4,chlorides,True,obelix,True,Li2Cd1Cl4,False,True
ek5,LiSrNb2O6F,pyrochlore,True,obelix,True,Li1Sr1Nb2O6F1,False,True
xut,LiSrTa2O6F,pyrochlore,True,obelix,True,Li1Sr1Ta2O6F1,False,True
ckw,LiSr0.9Nb2O6F0.8,pyrochlore,True,obelix,False,,True,True
yab,LiSr0.9Ta2O6F0.8,pyrochlore,True,obelix,False,,True,True
ysm,Li1.1SrNb1.9Zr0.1O6F,pyrochlore,True,obelix,False,,False,True
e81,Li1.1SrTa1.9Zr0.1O6F,pyrochlore,True,obelix,False,,False,True
3qz,Li7La3Zr2O12,,True,obelix,True,Li7La3Zr2O12,True,False
cjq,Li6SrLa2Nb2O12,,False,obelix,True,Li6Sr1La2Nb2O12,False,False
uaz,Li6CaLa2Nb2O12,garnet,True,obelix,True,Li6Ca1La2Nb2O12,False,True
aax,Li5.25Ba0.25La2.75Ta2O12,garnet,False,obelix,False,,False,True
o86,Li5.5Ba0.5La2.5Ta2O12,garnet,False,obelix,False,,False,True
coi,Li6.25Ba1.25La1.75Ta2O12,garnet,False,obelix,False,,False,True
3vi,Li6.5Ba1.5La1.5Ta2O12,garnet,False,obelix,False,,False,True
vwn,Li6.75Ba1.75La1.25Ta2O12,garnet,False,obelix,False,,False,True
tlp,Li7Ba2LaTa2O12,garnet,False,obelix,True,Li7Ba2La1Ta2O12,False,True
ka6,Li5La3Ta2O12,garnet,True,obelix,True,Li5La3Ta2O12,True,True
7o7,Li6BaLa2Ta2O12,garnet,True,obelix,True,Li6Ba1La2Ta2O12,False,True
d6f,Li7La3Zr1.89Al0.15O12,garnet,False,obelix,False,,False,True
dvs,Li7.06La3Y0.06Zr1.94O12,garnet,False,obelix,False,,False,True
3o4,Li6.25La3Zr2Ga0.25O12,garnet,False,obelix,False,,False,True
kji,Li6.4La3Zr1.4Ta0.6O12,garnet,True,obelix,False,,False,True
gdr,Li6.2La3Zr1.2Ta0.8O12,garnet,True,obelix,False,,False,True
v1q,Li6.8La3Zr1.8Ta0.2O12,garnet,False,obelix,False,,False,True
4vd,Li6.75La3Zr1.75Ta0.25O12,garnet,False,obelix,False,,False,True
5xk,Li6.65La3Zr1.65Ta0.35O12,garnet,False,obelix,False,,False,True
2wb,Li6.6La3Zr1.6Ta0.4O12,garnet,True,obelix,False,,False,True
zfg,Li6.55La3Zr1.55Ta0.45O12,garnet,False,obelix,False,,False,True
6hq,Li6La3ZrTaO12,garnet,False,obelix,True,Li6La3Zr1Ta1O12,False,True
hcm,Li5La3Ta2O12,garnet,True,obelix,True,Li5La3Ta2O12,True,True
e6a,Li6.7La3Zr1.7Ta0.3O12,garnet,True,obelix,False,,False,True
g5q,Li6.5La3Zr1.5Ta0.5O12,garnet,True,obelix,False,,False,True
5z8,Li5.72Al0.26La3Zr1.5W0.25O12,garnet,False,obelix,False,,False,True
r07,Li6.75La3Zr1.875Te0.125O12,garnet,False,obelix,False,,False,True
uht,Li6.5La3Zr1.75Te0.25O12,garnet,False,obelix,False,,False,True
kbq,Li5La3Bi2O12,garnet,True,obelix,True,Li5La3Bi2O12,False,True
uw9,Li6La2SrBi2O12,garnet,True,obelix,True,Li6La2Sr1Bi2O12,False,True
vqu,Li5Nd3Sb2O12,garnet,True,obelix,True,Li5Nd3Sb2O12,False,True
xog,Li5La3Sb2O12,garnet,True,obelix,True,Li5La3Sb2O12,False,True
bi3,Li6SrLa2Sb2O12,garnet,True,obelix,True,Li6Sr1La2Sb2O12,False,True
gcj,Li6(La2Ca)(NbO6)2,garnet,True,obelix,True,Li6La2Ca1Nb2O12,False,True
20k,Li6(La2Sr)(NbO6)2,garnet,True,obelix,True,Li6La2Sr1Nb2O12,False,True
jej,Li6CaLa2Ta2O12,garnet,True,obelix,True,Li6Ca1La2Ta2O12,False,True
hud,Li6BaLa2Ta2O12,garnet,True,obelix,True,Li6Ba1La2Ta2O12,False,True
4uu,Li6.15La3Zr1.75Ta0.25Ga0.2O12,garnet,False,obelix,False,,False,True
sdz,Li6.15La3Zr1.75Ta0.25Al0.2O12,garnet,False,obelix,False,,False,True
7w5,Li6.75La3Zr1.75Ta0.25O12,garnet,True,obelix,False,,False,True
etz,Li7La3Zr2O12,,True,obelix,True,Li7La3Zr2O12,True,False
ner,Li6BaLa2Ta2O12,garnet,True,obelix,True,Li6Ba1La2Ta2O12,False,True
z2s,Nd3Zr2Al0.5Li5.5O12,garnet,True,obelix,False,,False,True
72f,(Li6.26Al0.24)La3Zr2O12,garnet,True,obelix,False,,False,True
sqm,Li6Ba0.5Sr0.5La2Ta2O12,garnet,True,obelix,False,,False,True
zxr,Li6SrLa2Ta2O12,garnet,True,obelix,True,Li6Sr1La2Ta2O12,False,True
h89,Li6BaLa2Ta2O12,garnet,True,obelix,True,Li6Ba1La2Ta2O12,False,True
l9r,Li6CaLa2Ta2O12,garnet,True,obelix,True,Li6Ca1La2Ta2O12,False,True
544,Li6BaLa2Ta2O12,garnet-like,False,obelix,True,Li6Ba1La2Ta2O12,False,True
ps0,Li6SrLa2Ta2O12,garnet-like,False,obelix,True,Li6Sr1La2Ta2O12,False,True
ueu,Li5.74La3Zr1.5Ta0.5O12,garnet,True,obelix,False,,False,True
uwh,La3Li5.08Ta1.51Zr0.39O12,garnet,True,obelix,False,,False,True
gz8,Li5La3Ta2O12,garnet,True,obelix,True,Li5La3Ta2O12,True,True
419,Li5.3La3Ta1.85Sm0.15O12,garnet,True,obelix,False,,False,True
c0g,Li5.5La3Ta1.75Sm0.25O12,garnet,True,obelix,False,,False,True
kbu,Li5.70La3Ta1.65Sm0.35O12,garnet,True,obelix,False,,False,True
fam,Li5.90La3Ta1.55Sm0.45O12,garnet,True,obelix,False,,False,True
dae,Li6.10La3Ta1.45Sm0.55O12,garnet,True,obelix,False,,False,True
9p1,Li7La3Zr2O12,,True,obelix,True,Li7La3Zr2O12,True,False
gkl,Li5La3Nb2O12,garnet,True,obelix,True,Li5La3Nb2O12,True,True
ijh,Li5La3Nb1.95Y0.05O12,garnet,False,obelix,False,,False,True
q46,Li5La3Nb1.9Y0.1O12,garnet,False,obelix,False,,False,True
8m3,Li5La3Nb1.85Y0.15O12,garnet,False,obelix,False,,False,True
zyx,Li5La3Nb1.8Y0.2O12,garnet,False,obelix,False,,False,True
qvu,Li5La3Nb1.75Y0.25O12,garnet,False,obelix,False,,False,True
v07,La3Zr2Ga0.5Li5.5O12,garnet,False,obelix,False,,False,True
bqx,Li3Nd3Te2O12,garnet,True,obelix,True,Li3Nd3Te2O12,False,True
z53,Li6.6La3Zr1.6Ta0.4O12,garnet,False,obelix,False,,False,True
8y4,Li6.6La2.875Y0.125Zr1.6Ta0.4O12,garnet,False,obelix,False,,False,True
ucw,Li6.6La2.75Y0.25Zr1.6Ta0.4O12,garnet,False,obelix,False,,False,True
ff9,Li6.6La2.5Y0.5Zr1.6Ta0.4O12,garnet,False,obelix,False,,False,True
2mn,Li7La3Zr2O12,garnet,True,obelix,True,Li7La3Zr2O12,True,True
8ee, Li6.4Al0.19La3Zr2O11.8,,False,obelix,False,,False,False
8k7,Li5La3Ta2O12,garnet,True,obelix,True,Li5La3Ta2O12,True,True
b7v,Li5La3Bi2O12,garnet,False,obelix,True,Li5La3Bi2O12,False,True
66a,Li6.75La3Zr1.75Nb0.25O12 ,garnet,False,obelix,False,,False,True
kh3,Li6.5La3Zr1.5Ta0.5O12 ,,True,obelix,False,,False,False
zqx,Li6.6La3Zr1.6Ta0.4O12 ,,False,obelix,False,,False,False
o5q,Li6.8La3Zr1.8Ta0.2O12 ,,True,obelix,False,,False,False
0ew,Li6La3ZrTaO12 ,,False,obelix,True,Li6La3Zr1Ta1O12,False,False
tbj,Li5La3Sb2O12,garnet,True,obelix,True,Li5La3Sb2O12,False,True
dbs,Li6.5La3Zr1.5Ta0.5O12,garnet,False,obelix,False,,False,True
bt0,Li6.5La2.95Ba0.05Zr1.45Ta0.55O12,garnet,False,obelix,False,,False,True
dti,Li6.5La2.9Ba0.1Zr1.4Ta0.6O12,garnet,False,obelix,False,,False,True
7gm,Li6.5La2.8Ba0.2Zr1.3Ta0.7O12,garnet,False,obelix,False,,False,True
c71,Li6.5La2.7Ba0.3Zr1.2Ta0.8O12,garnet,False,obelix,False,,False,True
rgo,Li7La3Ta2O13,garnet,False,obelix,True,Li7La3Ta2O13,False,True
zzr,Li10GeP2S12,,True,obelix,True,Li10Ge1P2S12,False,False
kop,Li10Ge0.66Sn0.33P2S12,,True,obelix,False,,False,False
rty,Li10Ge0.33Sn0.66P2S12,,True,obelix,False,,False,False
kko,Li10SnP2S12,,True,obelix,True,Li10Sn1P2S12,False,False
liv_2,Li2OHBr,Anti-Perovskite,False,liverpool,True,Li2O1H1Br1,False,True
liv_3,Li2.4OH0.6Cl,Anti-Perovskite,False,liverpool,False,,True,True
liv_4,Li2.1OH0.9Cl,Anti-Perovskite,False,liverpool,False,,True,True
liv_5,Li2OHCl,Anti-Perovskite,True,liverpool,True,Li2O1H1Cl1,False,True
liv_8,Li6PO5Cl,Argyrodite,True,liverpool,True,Li6P1O5Cl1,False,True
liv_18,Li3.4Si0.4P0.6S4,Thio-LISICON,False,liverpool,False,,True,True
liv_21, Li6.4Al0.19La3Zr2O11.8,Garnet,False,liverpool,False,,False,True
liv_22,La0.57Li0.29TiO3,Perovskite,False,liverpool,False,,True,True
liv_23,Li6.5La3Zr1.75Te0.25O12,Garnet,False,liverpool,False,,False,True
liv_24,Li7La3Zr2O12,Garnet,True,liverpool,True,Li7La3Zr2O12,True,True
liv_27,Li1.3Al0.3Ti1.7(PO4)3,NASICON,False,liverpool,False,,False,True
liv_31,Li6.55La3Zr2Ga0.9O12,Garnet,False,liverpool,False,,False,True
liv_35,LiTi2(PO4)3,NASICON,True,liverpool,True,Li1Ti2P3O12,False,True
liv_36,Li9.54Si1.74P1.44S11.7Cl0.3,Thio-LISICON,False,liverpool,False,,True,True
liv_37,Li10GeP2S12,Thio-LISICON,True,liverpool,True,Li10Ge1P2S12,False,True
liv_39,Li7P3S11,Thio-LISICON,True,liverpool,True,Li7P3S11,True,True
liv_40,Li1.4Al0.4Ti1.6(PO4)3,NASICON,False,liverpool,False,,False,True
liv_41,Li6.46Al0.15La3Zr1.95O11.86,Garnet,False,liverpool,False,,False,True
liv_44,Li3.25Ge0.25P0.75S4,Thio-LISICON,False,liverpool,False,,True,True
liv_46,Li6.5La3Zr1.5Ta0.5O12,Garnet,False,liverpool,False,,False,True
liv_59,La0.55Li0.361Ti0.995Al0.005O3,Perovskite,False,liverpool,False,,False,True
liv_60,La0.55Li0.36Ti0.992Al0.008O3,Perovskite,False,liverpool,False,,False,True
liv_64,Li0.022 La0.117 Ti0.208 Al0.001 O0.626,Perovskite,False,liverpool,False,,False,True
liv_79,Li0.24La0.59TiO3,Perovskite,False,liverpool,False,,True,True
liv_84,"""(Li2S)0.5 ((P2S5)0.4 (Sb2S3)0.6)0.5""",Glass,False,liverpool,False,,False,True
liv_85,"""(Li2S)0.3 ((P2S5)0.4 (Sb2S3)0.6)0.7""",Glass,False,liverpool,False,,False,True
liv_86,"""(Li2S)0.4 ((P2S5)0.4 (Sb2S3)0.6)0.6""",Glass,False,liverpool,False,,False,True
liv_92,Li6.25Ba1.25La1.75Ta2O12,Garnet,False,liverpool,False,,False,True
liv_94,Li6.25Ba1.25La1.75Ta2O12,Garnet,False,liverpool,False,,False,True
liv_95,Li5La3Ta2O12,Garnet,True,liverpool,True,Li5La3Ta2O12,True,True
liv_96,Li5La3Ta2O12,Garnet,True,liverpool,True,Li5La3Ta2O12,True,True
liv_98,Li1.3Al0.3Ti1.7(PO4)3,NASICON,False,liverpool,False,,False,True
liv_99,Li1.3Al0.3Ti1.7(PO4)3,NASICON,False,liverpool,False,,False,True
liv_103,LiP0.9I0.1O2.7,Glass,False,liverpool,False,,False,True
liv_106,"""(LiCl)0.5 (P2O5)0.5""",Glass,False,liverpool,False,,False,True
liv_115,Li0.5La0.5TiO3,Perovskite,False,liverpool,False,,True,True
liv_122,"""(Li2O)50 (Al2O3)2 (P2O5)48""",Glass,False,liverpool,False,,False,True
liv_128,"""(Li2O)50 (Al2O3)3 (P2O5)47""",Glass,False,liverpool,False,,False,True
liv_129,"""(Li2O)50 (Al2O3)4 (P2O5)46""",Glass,False,liverpool,False,,False,True
liv_134,"""(LiI)0.3 ((Li2S)0.3 ((Ga2S3)0.1 (GeS2)0.9)0.7)0.7""",Glass,False,liverpool,False,,False,True
liv_135,"""(Li2S)0.3 ((Ga2S3)0.1 (GeS2)0.9)0.7""",Glass,False,liverpool,False,,False,True
liv_147,"""(Li2S)0.7 (P2S5)0.3""",Glass,False,liverpool,False,,False,True
liv_149,"""(Li2S)0.8 (P2S5)0.2""",Glass,False,liverpool,False,,False,True
liv_150,"""(Li2S)0.875 (P2S5)0.125""",Glass,False,liverpool,False,,False,True
liv_153,"""(LiCl)0.25 ((Li2O)0.6 (P2O5)0.4)0.75""",Glass,False,liverpool,False,,False,True
liv_157,Li0.7Al0.3Ti1.7(PO4)3,NASICON,False,liverpool,False,,False,True
liv_158,Li1.4S2.2P0.6,Glass,False,liverpool,False,,True,True
liv_160,Li1.4S2.2P0.6,Glass,False,liverpool,False,,True,True
liv_169,Li1.4Al0.4(Ge0.67Ti0.33)1.6(PO4)3,NASICON,False,liverpool,False,,False,True
liv_172,Li1.4Al0.4Ti1.6(PO4)3,NASICON,False,liverpool,False,,False,True
liv_181,Li1.4S2.2P0.6,Glass,False,liverpool,False,,True,True
liv_185,"""(Li2S)0.5 ((Ga2S3)0.1 (GeS2)0.9)0.5""",Glass,False,liverpool,False,,False,True
liv_189,"""(Li2S)0.4 ((Ga2S3)0.1 (GeS2)0.9)0.6""",Glass,False,liverpool,False,,False,True
liv_197,Li6La2SrNb2O12,Garnet,False,liverpool,True,Li6La2Sr1Nb2O12,False,True
liv_211,Li0.1Na0.1La0.6TiO3,Perovskite,False,liverpool,False,,True,True
liv_215,Li0.5La0.5TiO3,Perovskite,False,liverpool,False,,True,True
liv_220,Li6BaLa2Ta2O12 ,Garnet,False,liverpool,True,Li6Ba1La2Ta2O12,False,True
liv_221,Li6CaLa2Ta2O12,Garnet,False,liverpool,True,Li6Ca1La2Ta2O12,False,True
liv_228,Li7La3Ta2O13,Garnet,False,liverpool,True,Li7La3Ta2O13,False,True
liv_235,Li0.24La0.59TiO3,Perovskite,False,liverpool,False,,True,True
liv_236,Li0.5La0.5TiO3,Perovskite,False,liverpool,False,,True,True
liv_250,LiGe2(PO4)3,NASICON,True,liverpool,True,Li1Ge2P3O12,False,True
liv_252,Li4Nd3TeSbO12,Garnet,True,liverpool,True,Li4Nd3Te1Sb1O12,False,True
liv_255,"""(Li2O)50 (LiF)20 (P2O5)30""",Glass,False,liverpool,False,,False,True
liv_268,Li9SiAlO8,Glass,False,liverpool,True,Li9Si1Al1O8,False,True
liv_285,Li6BaLa2Ta2O12,Garnet,False,liverpool,True,Li6Ba1La2Ta2O12,False,True
liv_288,Li6SrLa2Ta2O12,Garnet,False,liverpool,True,Li6Sr1La2Ta2O12,False,True
liv_289,Li6Sr0.5Ba0.5La2Ta2O12,Garnet,False,liverpool,False,,False,True
liv_290,Li6Sr0.5Ba0.5La2Ta2O12,Garnet,False,liverpool,False,,False,True
liv_300,Li3.2Ge0.2P0.8S4,Thio-LISICON,False,liverpool,False,,True,True
liv_310,Li1.3Al0.1Sc0.2Ti1.7(PO4)3,NASICON,False,liverpool,False,,False,True
liv_312,Li1.15Fe0.15Ti1.85(PO4)3,NASICON,False,liverpool,False,,True,True
liv_313,LiTi2(PO4)3,NASICON,True,liverpool,True,Li1Ti2P3O12,False,True
liv_326,LiHfTi(PO4)3,NASICON,False,liverpool,True,Li1Hf1Ti1P3O12,False,True
liv_327,Li0.2Zr1.2Nb0.8(PO4)3,NASICON,False,liverpool,False,,False,True
liv_332,Li1.6Ga0.6Ti1.4(PO4)3,NASICON,False,liverpool,False,,False,True
liv_334,Li1.8Sc0.8Ti1.2(PO4)3,NASICON,False,liverpool,False,,True,True
liv_342,LiTi1.8Zr0.2(PO4)3,NASICON,False,liverpool,False,,False,True
liv_343,LiTi0.5Zr1.5(PO4)3,NASICON,False,liverpool,False,,False,True
liv_346,LiTiZr(PO4)3,NASICON,False,liverpool,True,Li1Ti1Zr1P3O12,False,True
liv_350,Li1.2Al1.1Ta0.9(PO4)3,NASICON,False,liverpool,False,,False,True
liv_358,Li1.5Cr0.5Ti1.5(PO4)3,NASICON,False,liverpool,False,,True,True
liv_359,Li1.6Cr0.6Ti1.4(PO4)3,NASICON,False,liverpool,False,,True,True
liv_360,Li1.3Cr0.3Ti1.7 (PO4)3,NASICON,False,liverpool,False,,True,True
liv_361,Li1.3Cr0.3Ge1.7(PO4)3,NASICON,False,liverpool,False,,False,True
liv_362,Li3Al0.4Sc1.6(PO4)3,NASICON,False,liverpool,False,,False,True
liv_363,Li1.2Fe0.2Hf1.8(PO4)3,NASICON,False,liverpool,False,,False,True
liv_364,Li1.2In0.2Hf1.8(PO4)3,NASICON,False,liverpool,False,,False,True
liv_368,Li1.2Lu0.2Hf1.8(PO4)3,NASICON,False,liverpool,False,,False,True
liv_369,Li1.2Y0.2Hf1.8(PO4)3,NASICON,False,liverpool,False,,False,True
liv_370,Li1.1Y0.1Hf1.9(PO4)3,NASICON,False,liverpool,False,,False,True
liv_371,Li1.2Sc0.2Hf1.8(PO4)3,NASICON,False,liverpool,False,,False,True
liv_372,Li1.3Sc0.3Hf1.7(PO4)3,NASICON,False,liverpool,False,,False,True
liv_373,Li1.1Lu0.1Hf1.9(PO4)3,NASICON,False,liverpool,False,,False,True
liv_374,Li1.4Y0.4Hf1.6(PO4)3,NASICON,False,liverpool,False,,False,True
liv_376,Li1.3Fe0.3Hf1.7(PO4)3,NASICON,False,liverpool,False,,False,True
liv_377,Li1.3Lu0.3Hf1.7(PO4)3,NASICON,False,liverpool,False,,False,True
liv_378,Li1.3Y0.3Hf1.7(PO4)3,NASICON,False,liverpool,False,,False,True
liv_380,Li1.4Lu0.4Hf1.6(PO4)3,NASICON,False,liverpool,False,,False,True
liv_381,Li1.1In0.1Hf1.9(PO4)3,NASICON,False,liverpool,False,,False,True
liv_382,Li1.3Cr0.3Hf1.7(PO4)3,NASICON,False,liverpool,False,,False,True
liv_383,Li1.2Cr0.2Hf1.8(PO4)3,NASICON,False,liverpool,False,,False,True
liv_386,Li1.3Eu0.3Ti1.7(PO4)3,NASICON,False,liverpool,False,,False,True
liv_387,LiZr2(PO4)3,NASICON,True,liverpool,True,Li1Zr2P3O12,False,True
liv_388,LiHf2(PO4)3,NASICON,False,liverpool,True,Li1Hf2P3O12,False,True
liv_390,Li1.15Y0.15Zr1.85(PO4)3,NASICON,False,liverpool,False,,False,True
liv_391,LiZr2(PO4)3,NASICON,True,liverpool,True,Li1Zr2P3O12,False,True
liv_397,Li1.02Zr1.98Y0.02(PO4)3,NASICON,False,liverpool,False,,False,True
liv_398,Li0.9Zr1.9Nb0.1(PO4)3,NASICON,False,liverpool,False,,False,True
liv_399,Li0.98Zr1.98Nb0.02(PO4)3,NASICON,False,liverpool,False,,False,True
liv_402,Li1.3Al0.1Y0.2Ti1.7(PO4)3,NASICON,False,liverpool,False,,False,True
liv_403,Li1.3Al0.15Y0.15Ti1.7(PO4)3,NASICON,False,liverpool,False,,False,True
liv_404,Li1.4Al0.4Ge0.2Ti1.4(PO4)3,NASICON,False,liverpool,False,,False,True
liv_406,Li1.4Al0.4Ge1.6(PO4)3,NASICON,False,liverpool,False,,False,True
liv_408,Li2CrZr(PO4)3,NASICON,False,liverpool,True,Li2Cr1Zr1P3O12,False,True
liv_409,Li2CrTi(PO4)3,NASICON,True,liverpool,True,Li2Cr1Ti1P3O12,False,True
liv_410,Li2FeTi(PO4)3,NASICON,True,liverpool,True,Li2Fe1Ti1P3O12,False,True
liv_411,Li2FeZr(PO4)3,NASICON,True,liverpool,True,Li2Fe1Zr1P3O12,False,True
liv_412,Li2InZr(PO4)3,NASICON,False,liverpool,True,Li2In1Zr1P3O12,False,True
liv_413,Li2InHf(PO4)3,NASICON,False,liverpool,True,Li2In1Hf1P3O12,False,True
liv_421,Li1.7Al0.7Ge1.3(PO4)3,NASICON,False,liverpool,False,,False,True
liv_422,Li1.5Al0.5Ge1.5(PO4)3,NASICON,False,liverpool,False,,False,True
liv_423,Li1.6Al0.6Ge1.4(PO4)3,NASICON,False,liverpool,False,,False,True
liv_424,Li1.3Al0.3Ge1.7(PO4)3,NASICON,False,liverpool,False,,False,True
liv_425,Li1.7Al0.7Ti1.3(PO4)3,NASICON,False,liverpool,False,,False,True
liv_426,Li1.1Al0.1Ti1.9(PO4)3,NASICON,False,liverpool,False,,False,True
liv_427,Li1.1Al0.1Ge1.9(PO4)3,NASICON,False,liverpool,False,,False,True
liv_430,Li1.5Al0.5Ti1.5(PO4)3,NASICON,False,liverpool,False,,False,True
liv_431,Li1.05Al0.05Ti1.95(PO4),NASICON,False,liverpool,False,,False,True
liv_432,Li1.6Al0.6Ge0.8Ti0.6(PO4)3,NASICON,False,liverpool,False,,False,True
liv_433,Li1.4Al0.4Ge1.0Ti0.6(PO4)3,NASICON,False,liverpool,False,,False,True
liv_434,Li1.8Al0.8Ge0.8Ti0.4(PO4)3,NASICON,False,liverpool,False,,False,True
liv_435,Li1.4Al0.4Ge0.8Ti0.8(PO4)3,NASICON,False,liverpool,False,,False,True
liv_436,Li1.6Al0.6Ge1.0Ti0.4(PO4)3,NASICON,False,liverpool,False,,False,True
liv_437,Li1.2Al0.2Ge0.8Ti(PO4)3,NASICON,False,liverpool,False,,False,True
liv_438,Li1.2Al0.2Ge1.0Ti0.8(PO4)3,NASICON,False,liverpool,False,,False,True
liv_439,Li1.8Al0.8Ge1.0Ti0.2(PO4)3,NASICON,False,liverpool,False,,False,True
liv_441,LiGe2(PO4)3,NASICON,True,liverpool,True,Li1Ge2P3O12,False,True
liv_459,Li1.2In0.2Ti1.8(PO4)3,NASICON,False,liverpool,False,,True,True
liv_460,Li1.4Fe0.4Ti1.6(PO4)3,NASICON,False,liverpool,False,,True,True
liv_461,Li1.4In0.4Ti1.6(PO4)3,NASICON,False,liverpool,False,,True,True
liv_462,Li1.5In0.5Ti1.5(PO4)3,NASICON,False,liverpool,False,,True,True
liv_463,Li1.5Fe0.5Ti1.5(PO4)3,NASICON,False,liverpool,False,,True,True
liv_464,Li1.4Cr0.4Ti1.6(PO4)3,NASICON,False,liverpool,False,,True,True
liv_465,Li1.5Y0.5Ti1.5(PO4)3,NASICON,False,liverpool,False,,False,True
liv_466,Li1.2Cr0.2Ti1.8(PO4)3,NASICON,False,liverpool,False,,True,True
liv_467,Li1.2La0.2Ti1.8(PO4)3,NASICON,False,liverpool,False,,False,True
liv_468,Li1.3La0.3Ti1.7(PO4)3,NASICON,False,liverpool,False,,False,True
liv_469,Li1.4La0.4Ti1.6(PO4)3,NASICON,False,liverpool,False,,False,True
liv_470,Li1.5La0.5Ti1.5(PO4)3,NASICON,False,liverpool,False,,False,True
liv_471,LiSn2(PO4)3,NASICON,True,liverpool,True,Li1Sn2P3O12,False,True
liv_472,Li1.3Sc0.3Ge1.7(PO4)3,NASICON,False,liverpool,False,,False,True
liv_473,Li1.5Ga0.5Ge1.5(PO4)3,NASICON,False,liverpool,False,,False,True
liv_474,Li1.3Cr0.3Ge1.7(PO4)3,NASICON,False,liverpool,False,,False,True
liv_475,Li1.3Fe0.3Ge1.7(PO4)3,NASICON,False,liverpool,False,,False,True
liv_476,Li1.5Sc0.5Ge1.5(PO4)3,NASICON,False,liverpool,False,,False,True
liv_477,Li1.7Fe0.7Ge1.3(PO4)3,NASICON,False,liverpool,False,,False,True
liv_478,Li1.7Ga0.7Ge1.3(PO4)3,NASICON,False,liverpool,False,,False,True
liv_479,Li1.3In0.3Ge1.7(PO4)3,NASICON,False,liverpool,False,,False,True
liv_480,Li1.5In0.5Ge1.5(PO4)3,NASICON,False,liverpool,False,,False,True
liv_481,Li1.45Al0.45Ge0.2Ti1.35(PO4)3,NASICON,False,liverpool,False,,False,True
liv_482,Li1.40Al0.4Ge0.2Ti1.4(PO4)3,NASICON,False,liverpool,False,,False,True
liv_483,Li1.50Al0.50Ge0.2Ti1.3(PO4)3,NASICON,False,liverpool,False,,False,True
liv_484,Li1.35Al0.35Ge0.2Ti1.45(PO4)3,NASICON,False,liverpool,False,,False,True
liv_485,Li1.55Al0.55Ge0.2Ti1.25(PO4)3,NASICON,False,liverpool,False,,False,True
liv_486,Li1.45Al0.45Ti1.55(PO4),NASICON,False,liverpool,False,,False,True
liv_488,Li7Ge3PS12,Thio-LISICON,False,liverpool,True,Li7Ge3P1S12,False,True
liv_489,Li3.2PO3.1N0.7,LISICON,False,liverpool,False,,True,True
liv_495,LiFePO4 ,Olivine,True,liverpool,True,Li1Fe1P1O4,False,True
liv_496,Li1.3Al0.3Ti1.7(PO4)3,NASICON,False,liverpool,False,,False,True
liv_499,Li6PS5Cl,Argyrodite,True,liverpool,True,Li6P1S5Cl1,False,True
liv_500,Li6PS5Cl,Argyrodite,True,liverpool,True,Li6P1S5Cl1,False,True
liv_502,Li4P2S6,Glass,True,liverpool,True,Li2P1S3,False,True
liv_504,Li3OBr,Anti-Perovskite,True,liverpool,True,Li3O1Br1,False,True
liv_505,"""(Li2O)50((SeO2)0.5 (B2O3)0.5)50""",Glass,False,liverpool,False,,False,True
liv_534,LiTi2P3O12,NASICON,True,liverpool,True,Li1Ti2P3O12,False,True
liv_535,LiZr2P3O12,NASICON,True,liverpool,True,Li1Zr2P3O12,False,True
liv_537,Li1.6Al0.6Ge1.4 (PO4)3,Glass-Ceramic,False,liverpool,False,,False,True
liv_539,Li6.25PS5.25Cl0.75,Argyrodite,False,liverpool,False,,True,True
liv_540,Li3.8Ge0.8P0.2O4,LISICON,False,liverpool,False,,True,True
liv_541,Li3PO4,LISICON,True,liverpool,True,Li3P1O4,False,True
liv_542,Li3VO4,LISICON,True,liverpool,True,Li3V1O4,False,True
liv_543,Li3.2Ge0.2P0.8O4,LISICON,False,liverpool,False,,True,True
liv_544,Li3V0.6P0.4O4,LISICON,False,liverpool,False,,True,True
liv_546,Li3P0.2V0.8O4,LISICON,False,liverpool,False,,True,True
liv_547,Li3.6Ge0.6P0.4O4,LISICON,False,liverpool,False,,True,True
liv_548,Li3.4Ge0.4P0.6O4,LISICON,False,liverpool,False,,True,True
liv_549,Li3.2Ge0.2V0.8O4,LISICON,False,liverpool,False,,True,True
liv_550,Li3.6Ge0.6V0.4O4,LISICON,False,liverpool,False,,True,True
liv_551,Li3.8Ge0.8V0.2O4,LISICON,False,liverpool,False,,True,True
liv_553,Li3.4Ge0.4V0.6O4,LISICON,False,liverpool,False,,True,True
liv_554,Li3P0.6V0.4O4,LISICON,False,liverpool,False,,True,True
liv_555,Li4GeO4,LISICON,True,liverpool,True,Li4Ge1O4,False,True
liv_556,Li3P0.8V0.2O4,LISICON,False,liverpool,False,,True,True
liv_561,Li6PS5Br,Argyrodite,True,liverpool,True,Li6P1S5Br1,False,True
liv_582,Li6PS5I,Argyrodite,True,liverpool,True,Li6P1S5I1,False,True
liv_584,Li5PS4(BH4)2,Argyrodite,False,liverpool,True,Li5P1S4B2H8,False,True
liv_586,"""(Li2S)0.75 (P2S5)0.25""",Glass,False,liverpool,False,,False,True
liv_587,LiBH4,Other,True,liverpool,True,Li1B1H4,False,True
liv_589,"""(Li2S)0.75 (P2S5)0.25""",Glass,False,liverpool,False,,False,True
liv_591,Li0.245La0.592Ti0.98Mn0.02O3,Perovskite,False,liverpool,False,,False,True
liv_592,La0.55Li0.36Ti0.995Al0.005O3,Perovskite,False,liverpool,False,,False,True
liv_593,La0.54Li0.36TiO3,Perovskite,False,liverpool,False,,True,True
liv_594,La0.51Li0.36Ti0.95W0.05O3,Perovskite,False,liverpool,False,,False,True
liv_595,La0.56Li0.36Ti0.95Al0.05O3,Perovskite,False,liverpool,False,,False,True
liv_596,La0.55Li0.36Ti0.95Ge0.05O3,Perovskite,False,liverpool,False,,False,True
liv_597,La0.58Li0.36Ti0.95Mg0.05O3,Perovskite,False,liverpool,False,,False,True
liv_598,La0.55Li0.36Ti0.95Mn0.05O3,Perovskite,False,liverpool,False,,False,True
liv_599,La0.55Li0.36Ti0.95Ru0.05O3,Perovskite,False,liverpool,False,,False,True
liv_603,Li0.34La0.51TiO2.94,Perovskite,False,liverpool,False,,True,True
liv_604,(La0.5Li0.5)TiO3,Perovskite,False,liverpool,False,,True,True
liv_605,Sm0.52Li0.38TiO2.97,Perovskite,False,liverpool,False,,False,True
liv_606,Li0.10La0.63TiO3,Perovskite,False,liverpool,False,,True,True
liv_611,Nd0.55Li0.34TiO3,Perovskite,False,liverpool,False,,True,True
liv_612,Li0.5(La0.4Nd0.1)TiO3,Perovskite,False,liverpool,False,,False,True
liv_613,Li0.34La0.56TiO3,Perovskite,False,liverpool,False,,True,True
liv_614,Li0.34La0.56TiO3,Perovskite,False,liverpool,False,,True,True
liv_620,Li0.5Sr0.5Fe0.25Ta0.75O3,Perovskite,False,liverpool,False,,False,True
liv_632, La0.29Li0.12NbO3,Other,False,liverpool,False,,True,True
liv_633,La0.283Li0.15NbO3,Other,False,liverpool,False,,True,True
liv_636,La0.313Li0.06NbO3,Other,False,liverpool,False,,True,True
liv_637,Li0.1Sr0.8Ti0.7Nb0.3O3,Perovskite,False,liverpool,False,,False,True
liv_640,Li0.3Sr0.6Ti0.40Fe0.10Ta0.5O3,Perovskite,False,liverpool,False,,False,True
liv_644,Li0.25La0.41Sr0.25TiO3,Perovskite,False,liverpool,False,,True,True
liv_645,Li0.15La0.51Sr0.15TiO3,Perovskite,False,liverpool,False,,True,True
liv_647,LiSrTiTaO6,Perovskite,False,liverpool,True,Li1Sr1Ti1Ta1O6,False,True
liv_648,LiSr1.65Ti1.3Ta1.7O9,Perovskite,False,liverpool,False,,False,True
liv_649,LiSr1.65Ti1.3Nb1.7O9,Perovskite,False,liverpool,False,,False,True
liv_650,LiSr1.65Zr1.3Ta1.7O9,Perovskite,False,liverpool,False,,False,True
liv_651,LiSr2Ti2TaO9,Perovskite,False,liverpool,True,Li1Sr2Ti2Ta1O9,False,True
liv_653,LiSrTiNbO6,Perovskite,False,liverpool,True,Li1Sr1Ti1Nb1O6,False,True
liv_657,Li0.20La0.66Ti0.80Al0.20O3,Perovskite,False,liverpool,False,,False,True
liv_659,Li0.15La0.66Ti0.85Al0.15O3,Perovskite,False,liverpool,False,,False,True
liv_660,Li0.10La0.66Ti0.90Al0.10O3,Perovskite,False,liverpool,False,,False,True
liv_661,Li0.06La0.66Ti0.93Al0.06O3,Perovskite,False,liverpool,False,,False,True
liv_697,Li1.5Hf1.5Al0.5P3O12,NASICON,False,liverpool,False,,False,True
liv_698,"""(Li2S)70 (P2S5)30""",Glass-Ceramic,False,liverpool,False,,False,True
liv_699,Li11AlP2S12,Thio-LISICON,False,liverpool,True,Li11Al1P2S12,False,True
liv_700,Li6BaLa2Ta2O12,Garnet,False,liverpool,True,Li6Ba1La2Ta2O12,False,True
liv_701,Li5NI2,Other,False,liverpool,True,Li5N1I2,False,True
liv_703,Li6NBr3,Rocksalt,True,liverpool,True,Li6N1Br3,False,True
liv_704,Li4SiO4,LISICON,True,liverpool,True,Li4Si1O4,False,True
liv_705,Li4GeO4,LISICON,True,liverpool,True,Li4Ge1O4,False,True
liv_706,Li2Ge7O15,Other,True,liverpool,True,Li2Ge7O15,True,True
liv_707,Li3.5Ge0.5V0.5O4,LISICON,False,liverpool,False,,True,True
liv_708,LiI,Rocksalt,True,liverpool,True,Li1I1,False,True
liv_710,Li3P,Other,True,liverpool,True,Li3P1,False,True
liv_712,Li3Sc2P3O12,NASICON,True,liverpool,True,Li3Sc2P3O12,False,True
liv_714,LiLa(TiO3)2,Perovskite,True,liverpool,True,Li1La1Ti2O6,False,True
liv_716,Li3VO4,LISICON,True,liverpool,True,Li3V1O4,False,True
liv_717,Li7P3S11,Thio-LISICON,True,liverpool,True,Li7P3S11,True,True
liv_718,Li4BN3H10,Other,True,liverpool,True,Li4B1N3H10,False,True
liv_722,Li2NH,Other,True,liverpool,True,Li2N1H1,False,True
liv_723,Li2Ca(NH)2,Other,False,liverpool,True,Li2Ca1N2H2,False,True
liv_725,Li3N,Other,True,liverpool,True,Li3N1,False,True
liv_726,Li13.6Si2.8S1.2O16,LISICON,False,liverpool,False,,False,True
liv_730,Li4B7O12Cl,Other,True,liverpool,True,Li4B7O12Cl1,False,True
liv_731,Li10.35Si1.35P1.65S12,Thio-LISICON,False,liverpool,False,,True,True
liv_732,Li9.81Sn0.81P2.19S12,Thio-LISICON,False,liverpool,False,,True,True
liv_733,Li5La3Nb2O12,Garnet,True,liverpool,True,Li5La3Nb2O12,True,True
liv_735,Li14ZnGe4O16,LISICON,False,liverpool,True,Li14Zn1Ge4O16,False,True
liv_738,Li2.88PO3.73N0.14,LISICON,False,liverpool,False,,True,True
liv_743,Li6.35P0.65Si0.35S5Br,Argyrodite,False,liverpool,False,,False,True
liv_744,Li6.50P0.50Si0.50S5Br,Argyrodite,False,liverpool,False,,False,True
liv_745,Li6.20P0.80Si0.20S5Br,Argyrodite,False,liverpool,False,,False,True
liv_746,Li6.30P0.70Si0.30S5Br,Argyrodite,False,liverpool,False,,False,True
liv_747,Li6.25P0.75Si0.25S5Br,Argyrodite,False,liverpool,False,,False,True
liv_748,Li6.12P0.90Si0.12S5Br,Argyrodite,False,liverpool,False,,False,True
liv_749,Li6.22P0.78Si0.22S5Br,Argyrodite,False,liverpool,False,,False,True
liv_750,Li6.17P0.83Si0.17S5Br,Argyrodite,False,liverpool,False,,False,True
liv_751,Li6.13P0.87Si0.13S5Br,Argyrodite,False,liverpool,False,,False,True
liv_752,Li6.08P0.92Si0.08S5Br,Argyrodite,False,liverpool,False,,False,True
liv_753,Li6.02P0.98Si0.02S5 Br,Argyrodite,False,liverpool,False,,False,True
liv_754,Li6.10P0.90Si0.10S5Br,Argyrodite,False,liverpool,False,,False,True
liv_755,Li6PS5Br,Argyrodite,True,liverpool,True,Li6P1S5Br1,False,True
liv_756,Li6.05P0.95Si0.05S5Br,Argyrodite,False,liverpool,False,,False,True
liv_759,Li6BaLa2Ta2O12 ,Garnet,False,liverpool,True,Li6Ba1La2Ta2O12,False,True
liv_760,Li6SrLa2Ta2O12,Garnet,False,liverpool,True,Li6Sr1La2Ta2O12,False,True
liv_762,Li3.6Si0.6P0.4S4,Thio-LISICON,False,liverpool,False,,True,True
liv_764,Li4SiS4,Thio-LISICON,False,liverpool,True,Li4Si1S4,False,True
liv_765,Li2SiS3,Thio-LISICON,True,liverpool,True,Li2Si1S3,False,True
liv_769,Li6.75La3Zr1.75Nb0.25O12 ,Garnet,False,liverpool,False,,False,True
liv_771,Li6.75La3Zr1.875Te0.125O12 ,Garnet,False,liverpool,False,,False,True
liv_773,Li5.5La3Nb1.75In0.25O12 ,Garnet,False,liverpool,False,,False,True
liv_775,Li7La3Zr2O12 ,Garnet,True,liverpool,True,Li7La3Zr2O12,True,True
liv_776,Li7La3Hf2O12,Garnet,True,liverpool,True,Li7La3Hf2O12,True,True
liv_777,Li6.25La3Zr2Ga0.25O12,Garnet,False,liverpool,False,,False,True
liv_778,Li7P3S11,Thio-LISICON,True,liverpool,True,Li7P3S11,True,True
liv_779,Li2.2Zn0.1Zr0.9S3,Thio-LISICON,False,liverpool,False,,False,True
liv_781,Li4GeS4,Thio-LISICON,True,liverpool,True,Li4Ge1S4,False,True
liv_783,Li4P2S6,Thio-LISICON,True,liverpool,True,Li2P1S3,False,True
liv_784,Li4PS4I,Argyrodite,False,liverpool,True,Li4P1S4I1,False,True
liv_785,Li6.6La2.75Y0.25Zr1.6Ta0.4O12,Garnet,False,liverpool,False,,False,True
liv_787,Li6.6La2.5Y0.5Zr1.6Ta0.4O12 ,Garnet,False,liverpool,False,,False,True
liv_789,Li4SnS4,Thio-LISICON,True,liverpool,True,Li4Sn1S4,False,True
liv_790,Li6.4La3Zr2Ga0.2O12 ,Garnet,False,liverpool,False,,False,True
liv_791,Li2SnS3,Rocksalt,True,liverpool,True,Li2Sn1S3,False,True
liv_792,Li3PS4,Thio-LISICON,True,liverpool,True,Li3P1S4,False,True
liv_794,Li6.5La3Nb1.25Y0.75O12 ,Garnet,False,liverpool,False,,False,True
liv_795,Li6La3Nb1.5Y0.5O12 ,Garnet,False,liverpool,False,,False,True
liv_800,Li6.5La3Zr1.5Ta0.5O12 ,Garnet,False,liverpool,False,,False,True
liv_801,Li6.6La3Zr1.6Ta0.4O12 ,Garnet,False,liverpool,False,,False,True
liv_802,Li6.7La3Zr1.7Ta0.3O12,Garnet,False,liverpool,False,,False,True
liv_803,Li6.2La3Zr1.2Ta0.8O12 ,Garnet,False,liverpool,False,,False,True
liv_804,Li6.8La3Zr1.8Ta0.2O12 ,Garnet,False,liverpool,False,,False,True
liv_806,Li6.6La3Zr1.6Sb0.4O12,Garnet,False,liverpool,False,,False,True
liv_809,Li6La3ZrSbO12 ,Garnet,False,liverpool,True,Li6La3Zr1Sb1O12,False,True
liv_814,Li6BaLa2Nb2O12 ,Garnet,False,liverpool,True,Li6Ba1La2Nb2O12,False,True
liv_815,Li6SrLa2Nb2O12 ,Garnet,False,liverpool,True,Li6Sr1La2Nb2O12,False,True
liv_816,Li6CaLa2Nb2O12,Garnet,False,liverpool,True,Li6Ca1La2Nb2O12,False,True
liv_817,Li3.25Ge0.25P0.75S4,Thio-LISICON,False,liverpool,False,,True,True
liv_818,Li6.75La3Zr1.75Ta0.25O12 ,Garnet,False,liverpool,False,,False,True
liv_821,Li10SiP2S12,Thio-LISICON,True,liverpool,True,Li10Si1P2S12,False,True
liv_829,Li1.5Al0.5Ge1.5(PO4)3,NASICON,False,liverpool,False,,False,True
liv_832,Li1.5Al0.5Ge1.5(PO4)3,NASICON,False,liverpool,False,,False,True
liv_836,Li5.4La3Nb1.8Y0.75O12,Garnet,False,liverpool,False,,False,True
liv_840,Li6SrLa2Ta2O12,Garnet,False,liverpool,True,Li6Sr1La2Ta2O12,False,True
liv_847,"""(Li2O)50 (Al2O5)5 (P2O5)45""",Glass,False,liverpool,False,,False,True
liv_852,"""(Li2O)50 (P2O5)50""",Glass,False,liverpool,False,,False,True
liv_853,"""(Li2S)9(LaOI)""",Glass,False,liverpool,False,,False,True
liv_855,"""(AgI)0.5(LiPO3)0.5""",Glass,False,liverpool,False,,False,True
liv_857,"""(Li2S)2(LaOI)5""",Glass,False,liverpool,False,,False,True
liv_858,"""(Li2S)(LaOI)""",Glass,False,liverpool,False,,False,True
liv_859,Li3.9Zn0.05GeS4,Thio-LISICON,False,liverpool,False,,True,True
liv_861,Li1.6Ti1.7Mg0.3P3O12,NASICON,False,liverpool,False,,False,True
liv_862,"""(Li2S)7(LaOI)3""",Glass-Ceramic,False,liverpool,False,,False,True
liv_864,"""(Li0.5La0.5TiO3)94(SiO2)6""",Glass-Ceramic,False,liverpool,False,,False,True
liv_865,"""(Li0.5La0.5TiO3)97(SiO2)3""",Glass-Ceramic,False,liverpool,False,,False,True
liv_866,"""(Li0.5La0.5TiO3)95(SiO2)5""",Glass-Ceramic,False,liverpool,False,,False,True
liv_867,Li7La3Zr2O12,Garnet,True,liverpool,True,Li7La3Zr2O12,True,True
liv_868,Li4.275Ge0.61Ga0.25S4,Thio-LISICON,False,liverpool,False,,True,True
liv_869,Li1.4Ti1.6In0.4P3O12,NASICON,False,liverpool,False,,True,True
liv_870,Li1.8Cr0.8Ti1.2(PO4)3,NASICON,False,liverpool,False,,True,True
liv_889,"""((Li2S)0.6 (SiS2)0.4 )95 (Li4SiO4)5""",Glass,False,liverpool,False,,False,True
liv_890,Li6La2Ca(Nb)2O12,Garnet,False,liverpool,True,Li6La2Ca1Nb2O12,False,True
liv_891,Li6MgLa2Ta2O12,Garnet,False,liverpool,True,Li6Mg1La2Ta2O12,False,True
liv_892,Li1.5Al0.5Ge1.5(PO4)3,NASICON,False,liverpool,False,,False,True
liv_893,Li4.4Al0.4Ge0.6S4,Thio-LISICON,False,liverpool,False,,False,True
liv_894,Li4.4Al0.4Sn0.6S4,Thio-LISICON,False,liverpool,False,,False,True
liv_895,Li4.4Ga0.4Ge0.6S4,Thio-LISICON,False,liverpool,False,,True,True
liv_896,Li4.4Ga0.4Sn0.6S4,Thio-LISICON,False,liverpool,False,,False,True
liv_903,LiMgPO4,Olivine,True,liverpool,True,Li1Mg1P1O4,False,True
liv_904,Li0.95Mg0.95In0.05PO4,Olivine,False,liverpool,False,,False,True
liv_905,Li0.9Mg0.9In0.1PO4,Olivine,False,liverpool,False,,False,True
liv_906,Li0.85Mg0.85In0.15PO4,Olivine,False,liverpool,False,,False,True
liv_907,Li0.83Mg0.83In0.17PO4,Olivine,False,liverpool,False,,False,True
liv_913,Li3AlS3,Other,False,liverpool,True,Li3Al1S3,False,True
liv_915,Li6SiO4Cl2,Argyrodite,False,liverpool,True,Li6Si1O4Cl2,False,True
liv_917,LiTa2PO8,Other,False,liverpool,True,Li1Ta2P1O8,False,True
liv_927,Li0.022 La0.118 Ti0.2 Al0.004 O0.631,Perovskite,False,liverpool,False,,False,True
liv_930,Li2ZrS3,Thio-LISICON,False,liverpool,True,Li2Zr1S3,False,True
liv_931,Li0.022 La0.115 Ti0.165 Al0.055 O0.618,Perovskite,False,liverpool,False,,False,True
liv_2000,(YPO4)0.8(Li3PO4)0.2,Zircon,False,liverpool,False,,True,True
liv_2001, Li0.8La0.066Zr2(PO4)3,NASICON,False,liverpool,False,,False,True
liv_2003,Li3.09BO2.53N0.52,Glass,False,liverpool,False,,False,True
liv_2004,Li5Nd3Sb2O12,Garnet,False,liverpool,True,Li5Nd3Sb2O12,False,True
liv_2005,Li5La3Sb2O12,Garnet,True,liverpool,True,Li5La3Sb2O12,False,True
liv_2006,LiAlSi2O6,Glass,True,liverpool,True,Li1Al1Si2O6,False,True
liv_2007,"""(Li2O)16.6 (SiO2)83.4""",Glass,False,liverpool,False,,False,True
liv_2008,Li3Fe2P3O12,Glass-Ceramic,True,liverpool,True,Li3Fe2P3O12,False,True
liv_2009,Li2.9Sc1.9Zr0.1(PO4)3,NASICON,False,liverpool,False,,False,True
liv_2010,Li1.9Mg0.1TiO3.05,Rocksalt,False,liverpool,False,,True,True
liv_2011,(YPO4)0.9(Li3PO4)0.1,Zircon,False,liverpool,False,,True,True
liv_2012,(YPO4)0.7(Li3PO4)0.3,Zircon,False,liverpool,False,,True,True
liv_2013,(YPO4)0.5(Li3PO4)0.5,Zircon,False,liverpool,False,,True,True
liv_2014,LiGaSiO4,Phenakite,True,liverpool,True,Li1Ga1Si1O4,False,True
liv_2015,Li0.68Ga0.68Si2.33O6,Phenakite,False,liverpool,False,,True,True
liv_2016,Li0.96Ga0.96Si2.04O6,Phenakite,False,liverpool,False,,True,True
liv_2017,Li4Al0.33Si0.33P0.33O4,LISICON,False,liverpool,False,,False,True
liv_2018,Li4Al0.33Si0.17Ge0.17P0.33O4,LISICON,False,liverpool,False,,False,True
liv_2019,Li4.25Si0.75Al0.25O4,LISICON,False,liverpool,False,,True,True
liv_2020,Li3.75Si0.75P0.25O4,LISICON,False,liverpool,False,,True,True
liv_2021,LiCaTiNbO6,Perovskite,False,liverpool,True,Li1Ca1Ti1Nb1O6,False,True
liv_2022,Li3Cr(MoO4)3,LISICON,False,liverpool,True,Li3Cr1Mo3O12,False,True
liv_2023,Li2Mg2(MoO4)3,Lysonite,False,liverpool,True,Li2Mg2Mo3O12,False,True
liv_2024,Li3Fe(MoO4)3,Lysonite,True,liverpool,True,Li3Fe1Mo3O12,False,True
liv_2025,Li6FeCl8,Rocksalt,True,liverpool,True,Li6Fe1Cl8,False,True
liv_2026,Li4.8Si0.2Al0.8S4,Thio-LISICON,False,liverpool,False,,False,True
liv_2027,Li3.6Ge0.4P0.6S4,Thio-LISICON,False,liverpool,False,,True,True
liv_2028,Li3.35Ge0.35P0.65S4,Thio-LISICON,False,liverpool,False,,True,True
liv_2029,Li6NiCl8,Rocksalt,True,liverpool,True,Li6Ni1Cl8,False,True
liv_2030,Li6CoCl8,Rocksalt,True,liverpool,True,Li6Co1Cl8,False,True
liv_2031,LiF,Rocksalt,True,liverpool,True,Li1F1,False,True
