id,composition,log_conductivity,li_count,mean_electronegativity,anion_electronegativity,cation_anion_en_diff,mean_ionic_radius,anion_ionic_radius,radius_std,anion_polarizability,mean_atomic_mass,n_elements,mean_atomic_number,anion_halide,anion_mixed,anion_other,anion_oxide,anion_sulfide
jqc,Li7BiO6,-5.800000874803203,7.0,2.1085714285714285,3.44,2.33,1.0735714285714286,1.26,0.1749941689990654,1.2,25.254557142857145,3,10.857142857142858,False,False,False,True,False
oi6,Li7SbO6,-7.173925197299173,7.0,2.1107142857142858,3.44,2.32625,1.0542857142857145,1.26,0.17815379734994166,1.2,19.02452857142857,3,8.571428571428571,False,False,False,True,False
2t8,LiV(PO4)F,-6.091514981121351,1.0,2.8175,3.98,2.38,1.04875,1.26,0.26839511452334597,1.16,21.481533149999997,5,10.25,False,True,False,False,False
47i,Li4P2O7,-10.0,4.0,2.4907692307692306,3.44,2.0566666666666666,1.0446153846153847,1.26,0.2542141854244289,1.2,15.515948,3,7.538461538461538,False,False,False,True,False
clt,Li6CuB4O10,-13.0,6.0,2.397142857142857,3.44,1.990909090909091,0.9766666666666666,1.26,0.3187674676197344,1.2,14.687142857142858,4,7.0,False,False,False,True,False
ix1,Li0.91Hf2.022(PO4)3,-6.494850021680094,0.91,2.864733437430292,3.44,1.7389885367498314,1.0817365603390585,1.26,0.2703208397467426,1.2,36.36723042605397,4,16.133950479589558,False,False,False,True,False
bq9,Li3BiO3,-9.619788758288394,3.0,2.182857142857143,3.44,2.2,1.092857142857143,1.26,0.1695973623206518,1.2,39.685942857142855,3,16.571428571428573,False,False,False,True,False
skm,Li5BiO5,-8.4089353929735,5.0,2.1927272727272724,3.44,2.2866666666666666,1.0881818181818181,1.26,0.17356257356397073,1.2,29.42567272727273,3,12.545454545454545,False,False,False,True,False
pwr,Li7.22Si1.5P0.5O8,-6.785156151952302,7.22,2.238130081300813,3.44,2.2447071583514098,1.026596980255517,1.26,0.21930287275820168,1.2,13.688986701509872,4,6.6295005807200935,False,False,False,True,False
b4c,Li4SiS4,-7.798602875679548,4.0,1.7933333333333334,2.58,1.416,1.2155555555555557,1.7,0.4463957166040789,5.5,20.456611111111112,3,10.0,False,False,False,False,True
y2l,Li5AlS4,-8.853871964321762,5.0,1.6830000000000003,2.58,1.4949999999999999,1.1975,1.7,0.4153989046687533,5.5,18.99465386,3,9.2,False,False,False,False,True
pe2,Li17Sb13S28,-8.978810700930062,17.0,1.992241379310345,2.58,1.1363333333333334,1.286206896551724,1.7,0.3997621171362603,5.5,44.805120689655176,3,20.03448275862069,False,False,False,False,True
opo,Li0.6[Li0.2Sn0.8S2],-3.9208187539523753,0.8,2.086666666666667,2.58,1.1099999999999999,1.3288888888888888,1.7,0.0,5.5,45.736333333333334,3,20.666666666666668,False,False,False,False,True
lkm,Li6Ge2O7,-6.070581074285707,6.0,2.265333333333333,3.44,2.2025,1.064,1.26,0.18358649187780673,1.2,19.928119999999996,3,9.2,False,False,False,True,False
bv2,LiYO2,-7.744727494896693,1.0,2.27,3.44,2.34,1.115,1.26,0.1532155344604456,1.2,31.9614125,3,14.5,False,False,False,True,False
be9,LiGaBr4,-5.154901959985743,1.0,2.438333333333333,2.96,1.565,1.4900000000000002,1.82,0.46843711780060016,4.2,66.04666666666667,3,29.0,True,False,False,False,False
n27,LiBO2,-8.0,1.0,2.475,3.44,1.93,0.9575,1.26,0.3485953958387862,1.2,12.4377,3,6.0,False,False,False,True,False
goi,LiClC3H7NO,-3.795880017344075,1.0,2.4050000000000002,3.44,1.2554545454545454,0.932142857142857,1.67,0.38120445529229313,1.9000000000000001,8.249127142857143,6,4.285714285714286,False,True,False,False,False
lrh,Li2.5V2(PO4)3,-6.721246399047171,2.5,2.7466666666666666,3.44,1.8026666666666664,1.0497435897435896,1.26,0.2819520400858757,1.2,20.725619794871793,4,9.974358974358974,False,False,False,True,False
1xt,LiSbO2,-10.0,1.0,2.4775,3.44,1.925,1.08,1.26,0.18,1.2,40.174949999999995,3,17.5,False,False,False,True,False
kbo,Li2Sr2Al(PO4)3,-10.0,2.0,2.666,3.44,1.935,1.0987500000000001,1.26,0.2716425730624712,1.2,25.050881229999998,5,11.8,False,False,False,True,False
5zv,Li4Zn(PO4)2,-17.255707016877324,4.0,2.4979999999999998,3.44,2.0185714285714287,1.048,1.26,0.2467711490429949,1.2,18.8743816,4,9.066666666666666,False,False,False,True,False
5bz,Li3BN2,-7.060480747381382,3.0,1.8433333333333335,3.04,1.795,0.9583333333333334,1.32,0.308891386880387,1.5,9.941233333333335,3,4.666666666666667,False,False,True,False,False
883,LiAlH4,-8.060480747381382,1.0,1.8983333333333334,2.2,0.9050000000000002,0.9291666666666667,1.0,0.11938790651578667,1.0,6.3257164333333336,3,3.3333333333333335,False,False,True,False,False
uu4,LiVO3,-8.688246138944246,1.0,2.586,3.44,2.135,1.072,1.26,0.2405327420539665,1.2,21.176139999999997,3,10.0,False,False,False,True,False
tws,Li6Zr2O7,-9.2839966563652,6.0,2.1746666666666665,3.44,2.3725,1.0626666666666666,1.26,0.18502132009281766,1.2,22.405986666666664,3,10.266666666666667,False,False,False,True,False
l9v,Li3AlF6,-6.301029995663981,3.0,2.843,3.98,2.8425000000000002,1.0515,1.19,0.18047229704306414,1.0,16.17949578,3,7.6,True,False,False,False,False
t0h,Li2ZrO3,-9.214670164989233,2.0,2.268333333333333,3.44,2.3433333333333333,1.0733333333333335,1.26,0.187142251301576,1.2,25.517366666666664,3,11.666666666666666,False,False,False,True,False
4kt,Li2CrCl4,-10.0,2.0,2.322857142857143,3.16,1.9533333333333334,1.3457142857142856,1.67,0.3746563050834397,3.0,29.67001428571429,3,14.0,True,False,False,False,False
xas,Li2SnS3,-4.823908740944319,2.0,1.9433333333333334,2.58,1.2733333333333334,1.2883333333333333,1.7,0.41232740496950826,5.5,38.131166666666665,3,17.333333333333332,False,False,False,False,True
kfp,Li2BaP2O7,-16.796203144042632,2.0,2.6091666666666664,3.44,1.9939999999999998,1.1058333333333332,1.26,0.2816161197248639,1.2,27.096027000000003,4,12.333333333333334,False,False,False,True,False
qy4,Li3Na5(TiS4)2,-5.055517327849832,3.0,1.7394444444444446,2.58,1.5130000000000001,1.3105555555555555,1.7,0.3705884543117012,5.5,27.11254702222222,4,13.11111111111111,False,False,False,False,True
00x,LiGd(PO3)4,-10.0,1.0,2.901111111111111,3.44,1.6166666666666667,1.078611111111111,1.26,0.2809893511008892,1.2,26.67104711111111,4,12.38888888888889,False,False,False,True,False
9wf,Li3ErI6,-3.1870866433571443,3.0,2.0140000000000002,2.66,1.6150000000000002,1.609,2.06,0.5535060975273894,6.400000000000001,94.95088200000001,3,39.5,True,False,False,False,False
dmq,Li3AlS3,-7.882728704344236,3.0,1.7557142857142856,2.58,1.4425000000000001,1.2107142857142856,1.7,0.43008660731987264,5.5,20.571362657142856,3,10.0,False,False,False,False,True
uox,Li3.7Zn0.7Ga0.3(PO4)2,-11.24795155218056,3.7,2.532244897959184,3.44,1.9916417910447761,1.0485714285714287,1.26,0.2565497056698564,1.2,19.20596081632653,5,9.210884353741497,False,False,False,True,False
joc,Li3PS4,-6.585026652029182,3.0,1.93125,2.58,1.2975,1.26,1.7,0.4507771067833858,5.5,22.50709525,3,11.0,False,False,False,False,True
mq1,Li3SbS4,-8.318758762624412,3.0,1.91375,2.58,1.3325,1.3,1.7,0.39999999999999997,5.5,33.855374999999995,3,15.5,False,False,False,False,True
h6c,Li3VO4,-13.036212172654444,3.0,2.29125,3.44,2.2975,1.0525,1.26,0.21815991840849225,1.2,16.9702625,3,8.0,False,False,False,True,False
bsa,LiGaO2,-13.619788758288394,1.0,2.4175,3.44,2.045,1.045,1.26,0.2206241147291021,1.2,27.1657,3,12.5,False,False,False,True,False
mde,LiB6O9F,-10.0,1.0,2.832941176470588,3.98,2.0914285714285716,0.934705882352941,1.26,0.39635274911384666,1.18,13.811764894117646,4,6.705882352941177,False,True,False,False,False
1e9,Li3SbS3,-9.0,3.0,1.8185714285714287,2.58,1.3325,1.2428571428571427,1.7,0.3958973274443148,5.5,34.11114285714286,3,15.428571428571429,False,False,False,False,True
an2,Li6SiO4Cl2,-10.0,6.0,2.143076923076923,3.44,2.3285714285714283,1.1015384615384616,1.67,0.3169286780685025,1.8,15.741161538461538,4,7.538461538461538,False,True,False,False,False
tka,LiSi2N3,-7.209714835966758,1.0,2.316666666666667,3.04,1.446666666666667,0.9899999999999999,1.32,0.35114099732158877,1.5,17.52201666666667,3,8.666666666666666,False,False,True,False,False
cdk,Li2(PO2N),-10.0,2.0,2.345,3.44,2.0566666666666666,1.0366666666666668,1.32,0.26643740144523426,1.3,15.143543666666666,4,7.333333333333333,False,False,False,True,False
fwz,Li2SiS3,-5.698970004336019,2.0,1.9333333333333333,2.58,1.2933333333333334,1.24,1.7,0.4753945729601885,5.5,23.027083333333334,3,11.333333333333334,False,False,False,False,True
cy2,La0.64Li0.08TiO3,-3.474955192963155,0.08,2.678474576271187,3.44,2.089767441860465,1.13285593220339,1.26,0.22300154147449294,1.2,39.26270779661017,4,17.52542372881356,False,False,False,True,False
5tl,La0.62Li0.14TiO3,-3.354577730650908,0.14,2.6636974789915966,3.44,2.0995454545454546,1.1297563025210084,1.26,0.22300154147449294,1.2,38.43662424369748,4,17.176470588235293,False,False,False,True,False
u2y,La0.595Li0.215TiO3,-3.0690509688324767,0.215,2.6455717255717257,3.44,2.111160220994475,1.125954261954262,1.26,0.22300154147449294,1.2,37.42334088357588,4,16.748440748440746,False,False,False,True,False
5z0,Li5AlO4,-9.30102999566398,5.0,2.027,3.44,2.3549999999999995,1.0215,1.26,0.20528090510322677,1.2,12.56841386,3,6.0,False,False,False,True,False
472,Li14Nd5(Si11N19O5)O2F2,-9.769551078621726,14.0,2.2434482758620686,3.98,2.636,1.0419827586206898,1.32,0.2916072282451239,1.3892857142857142,26.61111045517241,6,12.120689655172415,False,True,False,False,False
9zk,Li5GaO4,-8.301029995663981,5.0,2.0469999999999997,3.44,2.3216666666666663,1.03,1.26,0.19209372712298547,1.2,16.84256,3,7.8,False,False,False,True,False
dnt,Li2CrTi(PO4)3,-6.355561410532162,2.0,2.7900000000000005,3.44,1.7642857142857142,1.0707894736842105,1.26,0.2649541328622289,1.2,20.982062421052632,5,10.157894736842104,False,False,False,True,False
c6h,Li2FeTi(PO4)3,-6.476253533188435,2.0,2.7989473684210524,3.44,1.74,1.0697368421052633,1.26,0.2655107971053181,1.2,21.184636105263156,5,10.263157894736842,False,False,False,True,False
vzu,Li2FeZr(PO4)3,-6.841637507904751,2.0,2.787894736842105,3.44,1.7699999999999998,1.0757894736842106,1.26,0.25927664131444994,1.2,23.46658347368421,5,11.210526315789474,False,False,False,True,False
nhq,Li3PS4,-6.049148541111453,3.0,1.93125,2.58,1.2975,1.26,1.7,0.4507771067833858,5.5,22.50709525,3,11.0,False,False,False,False,True
w7d,Li3PO4,-17.3767507096021,3.0,2.36125,3.44,2.1574999999999998,1.04,1.26,0.24083189157584592,1.2,14.47429525,3,7.0,False,False,False,True,False
fj5,Li6.5O8P1.5Si0.5,-6.347753658996677,6.5,2.3106060606060606,3.44,2.1923529411764706,1.0345454545454547,1.26,0.21637826960107512,1.2,14.158490484848485,4,6.848484848484849,False,False,False,True,False
gxz,Li4Zn(PO4)2,-10.0,4.0,2.4979999999999998,3.44,2.0185714285714287,1.048,1.26,0.2467711490429949,1.2,18.8743816,4,9.066666666666666,False,False,False,True,False
tbu,Li3.5Zn0.5Ga0.5(PO4)2,-10.0,3.5,2.5558620689655176,3.44,1.9723076923076923,1.0489655172413794,1.26,0.2565497056698564,1.2,19.434636137931037,5,9.310344827586206,False,False,False,True,False
uxo,Li2.88PO3.73N0.14,-12.853871964321762,2.88,2.357316129032258,3.44,2.1481443298969074,1.0395612903225806,1.32,0.2565584187319181,1.2108527131782945,14.529360258064518,4,7.0270967741935495,False,False,False,True,False
e6b,Li4GeS4,-6.698970004336019,4.0,1.8055555555555556,2.58,1.3940000000000001,1.2522222222222221,1.7,0.40060448152421346,5.5,25.40711111111111,3,12.0,False,False,False,False,True
pbz,Li3.75Ge0.75V0.25O4,-5.247183568811729,3.75,2.2114285714285713,3.44,2.2631578947368425,1.0557142857142858,1.26,0.17815379734994166,1.2,17.97048285714286,4,8.342857142857143,False,False,False,True,False
7ek,Li3.70Ge0.85W0.15O4,-4.42021640338319,3.7,2.2354597701149426,3.44,2.22968085106383,1.0608620689655173,1.26,0.17815379734994166,1.2,20.574632183908047,4,9.356321839080461,False,False,False,True,False
kmv,Li4SnS4,-4.154901959985743,4.0,1.7999999999999998,2.58,1.4040000000000001,1.2477777777777779,1.7,0.40501790845941554,5.5,30.525999999999996,3,14.0,False,False,False,False,True
9lo,Li3PO4,-12.756961951313706,3.0,2.36125,3.44,2.1574999999999998,1.04,1.26,0.24083189157584592,1.2,14.47429525,3,7.0,False,False,False,True,False
dth,Li4GeO4,-11.886056647693165,4.0,2.1877777777777774,3.44,2.254,1.0566666666666666,1.26,0.18208667044996882,1.2,18.266844444444445,3,8.444444444444445,False,False,False,True,False
45e,Li2MgBr4,-9.10790539730952,2.0,2.1585714285714284,2.96,1.8699999999999999,1.4200000000000002,1.82,0.46204514312533823,4.2,51.114714285714285,3,22.571428571428573,True,False,False,False,False
x2i,LiBiO2,-7.42021640338319,1.0,2.4699999999999998,3.44,1.94,1.1475,1.26,0.147542366796795,1.2,61.98005,3,25.5,False,False,False,True,False
xz4,(Li0.5Ce0.5)(MoO4),-7.886056647693163,0.5,2.828333333333333,3.44,1.835,1.1425,1.26,0.18799999999999997,1.2,38.91101666666667,4,17.416666666666668,False,False,False,True,False
hja,(Li0.5Ce0.25Pr0.25)(MoO4),-9.0,0.5,2.82875,3.44,1.8337499999999998,1.1416666666666666,1.26,0.18799999999999997,1.2,38.94400208333334,5,17.458333333333332,False,False,False,True,False
3nb,(Li0.5Ce0.25Sm0.25)(MoO4),-9.744727494896694,0.5,2.830416666666667,3.44,1.8287499999999999,1.1403333333333334,1.26,0.18799999999999997,1.2,39.33785,5,17.583333333333332,False,False,False,True,False
qa9,Li3BN2,-9.795880017344077,3.0,1.8433333333333335,3.04,1.795,0.9583333333333334,1.32,0.308891386880387,1.5,9.941233333333335,3,4.666666666666667,False,False,True,False,False
hta,La0.565Li0.305TiO3,-3.0190880622231564,0.305,2.624312114989733,3.44,2.12427807486631,1.1214948665297741,1.26,0.22300154147449294,1.2,36.23486561601642,4,16.24640657084189,False,False,False,True,False
s3h,La0.5Li0.5TiO3,-3.0338582672609675,0.5,2.58,3.44,2.15,1.1122,1.26,0.22300154147449294,1.2,33.757687,4,15.2,False,False,False,True,False
nua,Li(LaTiO4),-10.0,1.0,2.4828571428571427,3.44,2.2333333333333334,1.1224285714285716,1.26,0.19642799999916882,1.2,36.815867142857144,4,16.285714285714285,False,False,False,True,False
3rx,Li(NdTiO4),-10.0,1.0,2.488571428571429,3.44,2.2199999999999998,1.1154285714285714,1.26,0.19540716257003854,1.2,37.57822857142857,4,16.714285714285715,False,False,False,True,False
7e5,La0.65Li0.05(Mg0.5W0.5)O3,-6.7447274948966935,0.05,2.748723404255319,3.44,1.9111764705882353,1.1525106382978723,1.26,0.0,1.2,51.63963946808511,5,22.170212765957448,False,False,False,True,False
sib,La0.63Li0.11(Mg0.5W0.5)O3,-5.167491087293763,0.11,2.733291139240506,3.44,1.9251724137931037,1.1492320675105485,1.26,0.0,1.2,50.70562364978903,5,21.780590717299578,False,False,False,True,False
r99,La0.62 Li0.14(Mg0.5W0.5)O3,-4.920818753952375,0.14,2.725672268907563,3.44,1.931931818181818,1.1476134453781515,1.26,0.0,1.2,50.24450239495798,5,21.588235294117645,False,False,False,True,False
lol,Li4PS4I,-3.9208187539523753,4.0,1.909,2.66,1.4380000000000002,1.304,2.06,0.4874258918030514,5.68,31.3902232,4,14.4,False,True,False,False,False
d7f,Li3BiO4,-9.387216143280265,3.0,2.34,3.44,2.2,1.11375,1.26,0.16799832588451588,1.2,36.725125,3,15.5,False,False,False,True,False
j8q,Li10GeP2S12,-1.91721462968355,10.0,1.8860000000000001,2.58,1.3346153846153845,1.2572,1.7,0.4334006922006471,5.5,23.55110096,4,11.36,False,False,False,False,True
824,Li10.35Ge1.35P1.65S12,-1.8416375079047504,10.35,1.8710059171597633,2.58,1.3462921348314607,1.2562721893491122,1.7,0.4192352081138012,5.5,23.89704368047337,4,11.479289940828401,False,False,False,False,True
02p,Li10SiP2S12,-2.638272163982407,10.0,1.8816000000000002,2.58,1.343076923076923,1.244,1.7,0.44971101832176624,5.5,21.768920959999996,4,10.64,False,False,False,False,True
9lx,Li10SnP2S12,-2.154901959985743,10.0,1.8840000000000001,2.58,1.3384615384615386,1.2556,1.7,0.4348984249224179,5.5,25.39390096,4,12.08,False,False,False,False,True
mtn,Li10GeP2S12,-1.609064892896621,10.0,1.8860000000000001,2.58,1.3346153846153845,1.2572,1.7,0.4334006922006471,5.5,23.55110096,4,11.36,False,False,False,False,True
9rc,Li10(Ge0.776Sn0.224)P2S12,-1.85078088734462,10.0,1.8855520000000001,2.58,1.335476923076923,1.2568416,1.7,0.43492017147466905,5.5,23.963888159999996,5,11.521279999999999,False,False,False,False,True
13q,Li10SnP2S12,-2.4001169279263124,10.0,1.8840000000000001,2.58,1.3384615384615386,1.2556,1.7,0.4348984249224179,5.5,25.39390096,4,12.08,False,False,False,False,True
ik8,Li10(Ge0.416Sn0.584)P2S12,-2.1290111862394245,10.0,1.884832,2.58,1.3368615384615388,1.2562655999999999,1.7,0.43492017147466905,5.5,24.627296159999997,5,11.78048,False,False,False,False,True
nip,Li9.81Sn0.81P2.19S12,-2.2596373105057563,9.81,1.8926844014510276,2.58,1.3311709601873538,1.256408706166868,1.7,0.4370999115799654,5.5,24.86331514631197,4,11.881499395405076,False,False,False,False,True
1hh,Li10GeP2S12,-1.9208187539523751,10.0,1.8860000000000001,2.58,1.3346153846153845,1.2572,1.7,0.4334006922006471,5.5,23.55110096,4,11.36,False,False,False,False,True
8ub,Li10.5(Sn0.2Si0.8)1.5P1.5S12,-2.0560111249262283,10.5,1.8589411764705885,2.58,1.3619999999999999,1.2398823529411764,1.7,0.43764204043436633,5.5,22.487715411764704,5,10.894117647058824,False,False,False,False,True
7tu,Li10.2(Sn0.2Si0.8)1.2P1.8S12,-2.106793246940152,10.2,1.8727142857142858,2.58,1.3502727272727273,1.2437142857142858,1.7,0.41901134876871227,5.5,22.491406809523813,5,10.914285714285713,False,False,False,False,True
ui6,Li10.35(Sn0.27Si1.08)P1.65S12,-1.958607314841775,10.35,1.8657869822485205,2.58,1.3562022471910113,1.2417869822485206,1.7,0.43764204043436633,5.5,22.48955018934911,5,10.90414201183432,False,False,False,False,True
nkr,Li10GeP2S12,-2.844663962534938,10.0,1.8860000000000001,2.58,1.3346153846153845,1.2572,1.7,0.4334006922006471,5.5,23.55110096,4,11.36,False,False,False,False,True
k4x,Li10.35Si1.35P1.65S12,-2.1870866433571443,10.35,1.8651479289940824,2.58,1.3574157303370789,1.238698224852071,1.7,0.43764204043436633,5.5,21.524318828402365,4,10.520710059171597,False,False,False,False,True
ia5,LiLaNb2O7,-8.0,1.0,2.669090909090909,3.44,2.12,1.132,1.26,0.19491723185169457,1.2,40.33227545454545,4,18.0,False,False,False,True,False
sg0,LiScO2,-10.0,1.0,2.3049999999999997,3.44,2.27,1.07625,1.26,0.18382651468164216,1.2,20.973928,3,10.0,False,False,False,True,False
97b,Li0.9Sc0.9Zr0.1O2,-10.0,0.9,2.3382051282051277,3.44,2.261578947368421,1.080128205128205,1.26,0.0,1.2,22.520107897435896,4,10.666666666666666,False,False,False,True,False
wyu,Li7La3Zr2O12,-5.787812395596042,7.0,2.254166666666667,3.44,2.3716666666666666,1.1106666666666667,1.26,0.17262933959466129,1.2,34.989342083333334,4,15.333333333333334,False,False,False,True,False
019,LiTi2(PO4)3,-3.7931741239681513,1.0,2.883888888888889,3.44,1.6683333333333332,1.0694444444444444,1.26,0.27825292695320336,1.2,21.532727,4,10.444444444444445,False,False,False,True,False
yqu,Li1.2Ti1.8Al0.2(PO4)3,-2.3169529617611504,1.2,2.863736263736264,3.44,1.6916129032258065,1.066813186813187,1.26,0.27463218560511476,1.2,21.142867786813188,5,10.263736263736265,False,False,False,True,False
95j,Li3AlH6,-6.853871964321762,3.0,1.775,2.2,1.0625000000000002,0.9375,1.0,0.09826622003516772,1.0,5.38521786,3,2.8,False,False,True,False,False
0iv,Li4P2S6,-6.623423042943488,4.0,1.9816666666666667,2.58,1.1966666666666665,1.2466666666666666,1.7,0.4657133119086128,5.5,23.508460333333332,3,11.5,False,False,False,False,True
2ro,Li4P2S6,-9.795880017344077,4.0,1.9816666666666667,2.58,1.1966666666666665,1.2466666666666666,1.7,0.4657133119086128,5.5,23.508460333333332,3,11.5,False,False,False,False,True
deu,Li4.4Al0.4Ge0.6S4,-4.366531544420414,4.4,1.753404255319149,2.58,1.438888888888889,1.228936170212766,1.7,0.39999999999999997,5.5,22.678405897872338,4,10.808510638297872,False,False,False,False,True
usu,Li4.4Al0.4Sn0.6S4,-5.366531544420414,4.4,1.750212765957447,2.58,1.4444444444444444,1.2263829787234042,1.7,0.39999999999999997,5.5,25.619044195744678,4,11.957446808510639,False,False,False,False,True
ur9,LiZr2(PO4)3,-9.0,1.0,2.8605555555555555,3.44,1.738333333333333,1.0822222222222222,1.26,0.2654044200325976,1.2,26.350171444444445,4,12.444444444444445,False,False,False,True,False
0o6,Li1.2Ti1.8Sc0.2(PO4)3,-4.000869458712629,1.2,2.860989010989011,3.44,1.6996774193548385,1.0691208791208793,1.26,0.27463218560511476,1.2,21.340388373626375,5,10.351648351648352,False,False,False,True,False
4ba,LiGe2(PO4)3,-6.47755576649368,1.0,2.9361111111111113,3.44,1.5116666666666665,1.0833333333333333,1.26,0.26449112566503163,1.2,24.285282555555554,4,11.555555555555555,False,False,False,True,False
qea,LiTi2(PO4)3,-5.698970004336019,1.0,2.883888888888889,3.44,1.6683333333333332,1.0694444444444444,1.26,0.27825292695320336,1.2,21.532727,4,10.444444444444445,False,False,False,True,False
ldx,LiGe2(PO4)3,-8.316052869248487,1.0,2.9361111111111113,3.44,1.5116666666666665,1.0833333333333333,1.26,0.26449112566503163,1.2,24.285282555555554,4,11.555555555555555,False,False,False,True,False
0fh,Li1.2Al0.2Ge1.8(PO4)3,-4.316052869248487,1.2,2.9102197802197804,3.44,1.5551612903225807,1.0791758241758242,1.26,0.26690070468091603,1.2,23.592944709890112,5,11.252747252747254,False,False,False,True,False
gw2,Li1.4Al0.4Ge1.6(PO4)3,-3.72584215073632,1.4,2.884891304347826,3.44,1.5959375,1.075108695652174,1.26,0.26690070468091603,1.2,22.915657686956525,5,10.956521739130435,False,False,False,True,False
1xf,Li1.5Al0.5Ge1.5(PO4)3,-3.473660722610156,1.5,2.8724324324324324,3.44,1.6153846153846154,1.073108108108108,1.26,0.26690070468091603,1.2,22.58250569189189,5,10.81081081081081,False,False,False,True,False
tjh,Li1.7Al0.7Ge1.3(PO4)3,-3.5783960731301687,1.7,2.847914438502674,3.44,1.6525373134328356,1.0691711229946526,1.26,0.26690070468091603,1.2,21.926891070588237,5,10.524064171122996,False,False,False,True,False
8fn,Li1.8Al0.8Ge1.2(PO4)3,-3.863279432843593,1.8,2.835851063829787,3.44,1.6702941176470587,1.0672340425531914,1.26,0.26690070468091603,1.2,21.604314727659574,5,10.382978723404255,False,False,False,True,False
my9,Li1.2Al0.2Ti1.8(PO4)3,-3.2254830342714502,1.2,2.863736263736264,3.44,1.6916129032258065,1.066813186813187,1.26,0.27463218560511476,1.2,21.142867786813188,5,10.263736263736265,False,False,False,True,False
9s4,Li1.3Al0.3Ti1.7(PO4)3,-3.141462802430361,1.3,2.8538251366120218,3.44,1.7026984126984126,1.0655191256830603,1.26,0.27463218560511476,1.2,20.951133747540982,5,10.17486338797814,False,False,False,True,False
iqt,Li1.4Al0.4Ti1.6(PO4)3,-3.4111682744057927,1.4,2.8440217391304348,3.44,1.7134375,1.0642391304347827,1.26,0.27463218560511476,1.2,20.761483773913046,5,10.08695652173913,False,False,False,True,False
xa0,Li1.5Al0.5Ti1.5(PO4)3,-3.605548319173784,1.5,2.8343243243243244,3.44,1.7238461538461536,1.0629729729729729,1.26,0.27463218560511476,1.2,20.57388407027027,5,10.0,False,False,False,True,False
pg8,Li1.5Fe0.5Ti1.5(PO4)3,-3.7594507517174,1.5,2.8402702702702705,3.44,1.7069230769230768,1.0695945945945946,1.26,0.27463218560511476,1.2,21.35397762162162,5,10.35135135135135,False,False,False,True,False
h7r,Li(Ti1.4Sn0.6)(PO4)3,-4.642065152999546,1.0,2.8978888888888887,3.44,1.6263333333333334,1.0722777777777779,1.26,0.27463218560511476,1.2,23.894160333333332,5,11.377777777777778,False,False,False,True,False
9ky,Li(Ti0.6Sn1.4)(PO4)3,-5.025949097207123,1.0,2.916555555555556,3.44,1.5703333333333334,1.0760555555555555,1.26,0.26904933237715933,1.2,27.04273811111111,5,12.622222222222222,False,False,False,True,False
4ea,Li(Ti0.4Sn1.6)(PO4)3,-5.501689446210399,1.0,2.921222222222222,3.44,1.5563333333333333,1.0770000000000002,1.26,0.26904933237715933,1.2,27.829882555555557,5,12.933333333333334,False,False,False,True,False
z7n,Li0.86Hf2.035(PO4)3,-7.036212172654444,0.86,2.8688628108410175,3.44,1.7337574215436808,1.0820759988823696,1.26,0.2703208397467426,1.2,36.552696060352055,4,16.211232187761947,False,False,False,True,False
lap,Li1.3Al0.3Ti1.7(PO4)3,-2.9469215565165805,1.3,2.8538251366120218,3.44,1.7026984126984126,1.0655191256830603,1.26,0.27463218560511476,1.2,20.951133747540982,5,10.17486338797814,False,False,False,True,False
yp3,LiTi2(PO4)3,-4.221848749616356,1.0,2.883888888888889,3.44,1.6683333333333332,1.0694444444444444,1.26,0.27825292695320336,1.2,21.532727,4,10.444444444444445,False,False,False,True,False
mg4,Li1.3Al0.3Ti1.7(PO4)3,-2.207608310501746,1.3,2.8538251366120218,3.44,1.7026984126984126,1.0655191256830603,1.26,0.27463218560511476,1.2,20.951133747540982,5,10.17486338797814,False,False,False,True,False
3uq,Li1.3Al0.3Ge1.7(PO4)3,-4.084072788302884,1.3,2.897486338797814,3.44,1.5758730158730159,1.0771311475409837,1.26,0.26690070468091603,1.2,23.252450687431693,5,11.10382513661202,False,False,False,True,False
1dm,Li1.6Al0.6Ge1.4(PO4)3,-3.5466816599529625,1.6,2.86010752688172,3.44,1.6342424242424243,1.0711290322580644,1.26,0.26690070468091603,1.2,22.252935976344084,5,10.666666666666666,False,False,False,True,False
vg0,Li1.5Al0.5Ge1.5(PO4)3,-3.721246399047171,1.5,2.8724324324324324,3.44,1.6153846153846154,1.073108108108108,1.26,0.26690070468091603,1.2,22.58250569189189,5,10.81081081081081,False,False,False,True,False
z9y,Li1.2Al0.2Ti1.8(PO4)3,-2.4710832997223453,1.2,2.863736263736264,3.44,1.6916129032258065,1.066813186813187,1.26,0.27463218560511476,1.2,21.142867786813188,5,10.263736263736265,False,False,False,True,False
ym6,Li1.3Al0.3Ti1.7(PO4)3,-2.91721462968355,1.3,2.8538251366120218,3.44,1.7026984126984126,1.0655191256830603,1.26,0.27463218560511476,1.2,20.951133747540982,5,10.17486338797814,False,False,False,True,False
qno,LiTi2(PO4)3,-6.416801226031377,1.0,2.883888888888889,3.44,1.6683333333333332,1.0694444444444444,1.26,0.27825292695320336,1.2,21.532727,4,10.444444444444445,False,False,False,True,False
rr5,LiTi2(PO4)3,-4.142667503568732,1.0,2.883888888888889,3.44,1.6683333333333332,1.0694444444444444,1.26,0.27825292695320336,1.2,21.532727,4,10.444444444444445,False,False,False,True,False
lpx,Li1.15Y0.15Zr1.85(PO4)3,-4.1487416512809245,1.15,2.8441046831955923,3.44,1.7586178861788617,1.0822038567493115,1.26,0.2674084262621247,1.2,26.170606804407715,5,12.358126721763087,False,False,False,True,False
yq2,Li1.1Al0.1Ti1.9(PO4)3,-4.522878745280337,1.1,2.873756906077348,3.44,1.6801639344262294,1.0681215469613259,1.26,0.27463218560511476,1.2,21.336720434254143,5,10.353591160220994,False,False,False,True,False
kab,Li1.3Al0.3Ti1.7(PO4)3,-4.425968732272281,1.3,2.8538251366120218,3.44,1.7026984126984126,1.0655191256830603,1.26,0.27463218560511476,1.2,20.951133747540982,5,10.17486338797814,False,False,False,True,False
dc8,Li9Mg3(PO4)4F3,-10.0,9.0,2.528285714285714,3.98,2.635625,1.0494285714285714,1.26,0.23657004830515221,1.1684210526315788,16.350418788571428,5,7.942857142857143,False,True,False,False,False
hai,Pb6.12Ca1.9Li1.96(PO4)6,-10.0,1.96,2.8459329664832413,3.44,1.4862828535669586,1.145312656328164,1.26,0.2563282175739803,1.2,48.21522591295647,5,20.70335167583792,False,False,False,True,False
tvf,Li3(NH2)2I,-5.0,3.0,2.048,3.04,1.3628571428571428,1.1400000000000001,2.06,0.34093987739776055,3.1333333333333333,17.977263,4,8.0,True,False,False,False,False
u8r,Ba3LiTa5ZrSi4O26,-10.0,1.0,2.738,3.44,2.005714285714286,1.12625,1.26,0.2719530060506778,1.2,48.580295,6,21.0,False,False,False,True,False
gvd,Li3N,-3.2390500485891027,3.0,1.495,3.04,2.06,1.0050000000000001,1.32,0.18186533479473213,1.5,8.707425,2,4.0,False,False,True,False,False
uex,Fe2Na2K(Li3Si12O30),-10.0,3.0,2.7056,3.44,1.836,1.0532,1.26,0.30951859394873193,1.2,20.691976771199997,6,10.2,False,False,False,True,False
11b,Li3P,-3.153044674980176,3.0,1.2825,2.19,1.21,0.8200000000000001,0.58,0.1385640646055102,1.0,12.9491905,2,6.0,False,False,True,False,False
fft,Li3N,-3.680893940690224,3.0,1.495,3.04,2.06,1.0050000000000001,1.32,0.18186533479473213,1.5,8.707425,2,4.0,False,False,True,False,False
68u,Li5La3Nb2O12,-5.096910013008056,5.0,2.394545454545455,3.44,2.3,1.1225454545454545,1.26,0.1804501258904639,1.2,37.692135,4,16.545454545454547,False,False,False,True,False
vy5,(K0.1Li0.9)(SbO3),-7.866461091629782,0.9,2.6668,3.44,1.933,1.1284,1.26,0.15588457268119893,1.2,35.982986,4,15.919999999999998,False,False,False,True,False
rwr,Li8GeP4,-4.7447274948966935,8.0,1.4315384615384614,2.19,1.0955555555555556,0.7992307692307693,0.58,0.14636422106204985,1.0,19.389465230769233,3,8.923076923076923,False,False,True,False,False
pql,Li8SiP4,-4.346787486224656,8.0,1.4230769230769231,2.19,1.1077777777777778,0.7738461538461539,0.58,0.1598816130063579,1.0,15.962196000000002,3,7.538461538461538,False,False,True,False,False
dl7,Li2MgTi3O8,-10.0,2.0,2.529285714285714,3.44,2.125,1.0696428571428571,1.26,0.22481313101674244,1.2,22.12737142857143,4,10.571428571428571,False,False,False,True,False
i12,Li2CoTi3O8,-10.0,2.0,2.5700000000000003,3.44,2.03,1.0714285714285714,1.26,0.22323457050687237,1.2,24.60081392857143,4,11.642857142857142,False,False,False,True,False
aui,Li2CoGe3O8,-10.0,2.0,2.670714285714286,3.44,1.7950000000000002,1.0982142857142858,1.26,0.18702183927912522,1.2,29.909313928571432,4,13.785714285714286,False,False,False,True,False
mfs,Li2ZnGe3O8,-10.0,2.0,2.654285714285714,3.44,1.8333333333333335,1.0978571428571429,1.26,0.18743298121990054,1.2,30.37187142857143,4,14.0,False,False,False,True,False
jl4,(Li0.61Mg0.39)(Li0.46Mg0.005Ti0.035)Ti1.5O4,-9.18309616062434,1.07,2.527135714285714,3.44,2.1300166666666662,1.069467857142857,1.26,0.21103745059954537,1.2,22.07154142857143,4,10.531428571428572,False,False,False,True,False
jkq,(Li0.55Mg0.45)(Li0.445Mg0.055)Ti1.5O4,-10.8153085691824,0.9950000000000001,2.5295214285714285,3.44,2.12445,1.0696142857142859,1.26,0.206,1.2,22.139774285714285,4,10.577857142857143,False,False,False,True,False
yav,Li2VCl4,-5.158015195409886,2.0,2.3185714285714285,3.16,1.9633333333333336,1.3085714285714285,1.67,0.42282818433660224,3.0,29.519357142857142,3,13.857142857142858,True,False,False,False,False
9yt,Li6PS5Cl0.25Br0.75,-2.7304870557820835,6.0,1.8446153846153843,3.16,2.007142857142857,1.2509615384615385,1.82,0.42562372532032977,5.233333333333333,23.21046246153846,5,11.038461538461538,False,True,False,False,False
122,Li6PS5Cl,-2.688246138944246,6.0,1.856153846153846,3.16,2.007142857142857,1.2423076923076921,1.7,0.42715793955566805,5.083333333333333,20.645981692307693,4,10.0,False,True,False,False,False
ij5,Li6PS5Cl0.5Br0.5,-2.4775557664936803,6.0,1.8484615384615384,3.16,2.007142857142857,1.248076923076923,1.82,0.42562372532032977,5.183333333333334,22.355635538461538,5,10.692307692307692,False,True,False,False,False
6jf,Li6PS5Br,-2.939302159646388,6.0,1.8407692307692307,2.96,1.8071428571428572,1.2538461538461538,1.82,0.44037638554621156,5.283333333333333,24.065289384615383,4,11.384615384615385,False,True,False,False,False
ymc,Li6PS5Br0.5I0.5,-4.581698708680254,6.0,1.8292307692307692,2.96,1.8071428571428572,1.2630769230769232,2.06,0.42562372532032977,5.466666666666668,25.872999769230766,5,12.076923076923077,False,True,False,False,False
ywe,Li6PS5I,-5.886056647693163,6.0,1.8176923076923077,2.66,1.5071428571428573,1.2723076923076921,2.06,0.46789469305280895,5.6499999999999995,27.680710153846157,4,12.76923076923077,False,True,False,False,False
kgl,Li6PS5Cl0.75Br0.25,-2.6458915608525992,6.0,1.8523076923076922,3.16,2.007142857142857,1.2451923076923077,1.82,0.42562372532032977,5.133333333333334,21.500808615384617,5,10.346153846153847,False,True,False,False,False
vqj,Li6PS5Br0.75I0.25,-3.9507819773298185,6.0,1.8349999999999997,2.96,1.8071428571428572,1.2584615384615385,2.06,0.42562372532032977,5.375,24.969144576923075,5,11.73076923076923,False,True,False,False,False
h82,Li6PS5Br0.25I0.75,-5.3260580013659125,6.0,1.8234615384615382,2.96,1.8071428571428572,1.2676923076923077,2.06,0.42562372532032977,5.558333333333334,26.77685496153846,5,12.423076923076923,False,True,False,False,False
9zr,Li6PS5Br,-3.154281982033341,6.0,1.8407692307692307,2.96,1.8071428571428572,1.2538461538461538,1.82,0.44037638554621156,5.283333333333333,24.065289384615383,4,11.384615384615385,False,True,False,False,False
a8v,Li6.025P0.975Si0.025S5Br,-3.056505484093897,6.025,1.8385604606525914,2.96,1.8087900355871884,1.2530902111324376,1.82,0.4112177038990418,5.283333333333333,24.02687757773512,5,11.366602687140116,False,True,False,False,False
09w,Li6.05P0.95Si0.05S5Br,-3.359518563029578,6.05,1.8363601532567049,2.96,1.8104255319148936,1.2523371647509578,1.82,0.4112177038990418,5.283333333333333,23.988612942528732,5,11.348659003831417,False,True,False,False,False
x2v,Li6.075P0.925Si0.075S5Br,-3.0589857562944305,6.075,1.8341682600382412,2.96,1.8120494699646643,1.2515869980879542,1.82,0.4112177038990418,5.283333333333333,23.950494634799234,5,11.330783938814532,False,True,False,False,False
bnh,Li6.1P0.95Si0.1S5Br,-3.097453220686009,6.1,1.833346007604563,2.96,1.8063636363636364,1.2482889733840306,1.82,0.4112177038990418,5.283333333333333,23.93937063878327,5,11.326996197718632,False,True,False,False,False
x9d,Li6.125P0.875Si0.125S5Br,-3.0447934624580584,6.125,1.8298095238095238,2.96,1.815263157894737,1.250095238095238,1.82,0.4112177038990418,5.283333333333333,23.874693657142856,5,11.295238095238096,False,True,False,False,False
ish,Li6.175P0.825Si0.175S5Br,-3.0310503190186573,6.175,1.825483870967742,2.96,1.818432055749129,1.248614800759013,1.82,0.4112177038990418,5.283333333333333,23.799468018975332,5,11.259962049335863,False,True,False,False,False
iiy,Li6.2P0.8Si0.2S5Br,-2.7721132953863266,6.2,1.8233333333333335,2.96,1.82,1.247878787878788,1.82,0.4112177038990418,5.283333333333333,23.762068909090907,5,11.242424242424244,False,True,False,False,False
3zo,Li6.225P0.775Si0.225S5Br,-2.96657624451305,6.225,1.8211909262759927,2.96,1.8215570934256056,1.2471455576559547,1.82,0.4112177038990418,5.283333333333333,23.724811194706994,5,11.224952741020793,False,True,False,False,False
vj7,Li6.25P0.75Si0.25S5Br,-2.85078088734462,6.25,1.819056603773585,2.96,1.8231034482758621,1.2464150943396226,1.82,0.4112177038990418,5.283333333333333,23.687694075471697,5,11.20754716981132,False,True,False,False,False
wsd,Li6.3P0.7Si0.3S5Br,-2.7825160557860937,6.3,1.814812030075188,2.96,1.826164383561644,1.2449624060150375,1.82,0.4112177038990418,5.283333333333333,23.613878451127817,5,11.172932330827066,False,True,False,False,False
10s,Li6.35P0.65Si0.35S5Br,-2.630784142589857,6.35,1.8105992509363298,2.96,1.8291836734693878,1.2435205992509364,1.82,0.4112177038990418,5.283333333333333,23.540615752808986,5,11.138576779026216,False,True,False,False,False
fkj,Li6.5P0.5Si0.5S5Br,-2.659555885159881,6.5,1.798148148148148,2.96,1.838,1.2392592592592593,1.82,0.4112177038990418,5.283333333333333,23.32408377777778,5,11.037037037037036,False,True,False,False,False
tt3,Li6PS5Cl,-2.886056647693163,6.0,1.856153846153846,3.16,2.007142857142857,1.2423076923076921,1.7,0.42715793955566805,5.083333333333333,20.645981692307693,4,10.0,False,True,False,False,False
nig,Li6PS5Br,-2.557520230935552,6.0,1.8407692307692307,2.96,1.8071428571428572,1.2538461538461538,1.82,0.44037638554621156,5.283333333333333,24.065289384615383,4,11.384615384615385,False,True,False,False,False
z16,Li6P(S4.9Se0.1)Br,-2.494850021680094,6.0,1.8405384615384617,2.96,1.8071428571428572,1.254923076923077,1.84,0.4383174902079795,5.308333333333334,24.426020153846157,5,11.523076923076925,False,True,False,False,False
hbz,Li6P(S4.8Se0.2)Br,-2.406713932979543,6.0,1.8403076923076926,2.96,1.8071428571428572,1.256,1.84,0.4383174902079795,5.333333333333333,24.786750923076923,5,11.661538461538461,False,True,False,False,False
uut,Li6P(S4.7Se0.3)Br,-2.441291429466834,6.0,1.8400769230769234,2.96,1.8071428571428572,1.257076923076923,1.84,0.4383174902079795,5.358333333333334,25.147481692307693,5,11.8,False,True,False,False,False
cju,Li6P(S4.6Se0.4)Br,-2.438898616350944,6.0,1.8398461538461537,2.96,1.8071428571428572,1.2581538461538462,1.84,0.4383174902079795,5.383333333333333,25.508212461538463,5,11.938461538461537,False,True,False,False,False
d9l,Li6P(S4.5Se0.5)Br,-2.571865205971211,6.0,1.8396153846153847,2.96,1.8071428571428572,1.259230769230769,1.84,0.4383174902079795,5.408333333333334,25.868943230769233,5,12.076923076923077,False,True,False,False,False
96f,Li6P(S4.4Se0.6)Br,-2.555955204081924,6.0,1.8393846153846158,2.96,1.8071428571428572,1.2603076923076924,1.84,0.4383174902079795,5.433333333333334,26.229674000000003,5,12.215384615384616,False,True,False,False,False
1kq,Li6P(S4.3Se0.7)Br,-2.5214335044061564,6.0,1.8391538461538464,2.96,1.8071428571428572,1.2613846153846153,1.84,0.4383174902079795,5.458333333333333,26.590404769230766,5,12.353846153846153,False,True,False,False,False
c6e,Li6P(S4.2Se0.8)Br,-2.45842075605342,6.0,1.8389230769230769,2.96,1.8071428571428572,1.2624615384615383,1.84,0.4383174902079795,5.483333333333334,26.951135538461536,5,12.492307692307692,False,True,False,False,False
t2c,Li6P(S4.1Se0.9)Br,-2.417936637088291,6.0,1.8386923076923076,2.96,1.8071428571428572,1.2635384615384615,1.84,0.4383174902079795,5.508333333333333,27.311866307692306,5,12.63076923076923,False,True,False,False,False
dlj,Li6P(S4Se)Br,-2.4424927980943423,6.0,1.8384615384615386,2.96,1.8071428571428572,1.2646153846153847,1.84,0.4526947585058813,5.533333333333334,27.672597076923076,5,12.76923076923077,False,True,False,False,False
w87,Li6PS5Br,-4.494850021680094,6.0,1.8407692307692307,2.96,1.8071428571428572,1.2538461538461538,1.82,0.44037638554621156,5.283333333333333,24.065289384615383,4,11.384615384615385,False,True,False,False,False
97p,Li6PS5Cl,-4.481486060122113,6.0,1.856153846153846,3.16,2.007142857142857,1.2423076923076921,1.7,0.42715793955566805,5.083333333333333,20.645981692307693,4,10.0,False,True,False,False,False
p9u,Li6PS5I,-3.657577319177794,6.0,1.8176923076923077,2.66,1.5071428571428573,1.2723076923076921,2.06,0.46789469305280895,5.6499999999999995,27.680710153846157,4,12.76923076923077,False,True,False,False,False
5wz,Li6PS5I,-5.8996294548824375,6.0,1.8176923076923077,2.66,1.5071428571428573,1.2723076923076921,2.06,0.46789469305280895,5.6499999999999995,27.680710153846157,4,12.76923076923077,False,True,False,False,False
pa1,Li6.6P0.4Ge0.6S5I,-2.283162276700476,6.6,1.7727941176470592,2.66,1.535,1.2686764705882352,2.06,0.4403407771260799,5.6499999999999995,28.60393932352941,5,13.088235294117647,False,True,False,False,False
lxk,Li6.7P0.3Ge0.7S5I,-2.25649023527157,6.7,1.7656934306569345,2.66,1.5392207792207795,1.268102189781022,2.06,0.4403407771260799,5.6499999999999995,28.749948802919707,5,13.138686131386862,False,True,False,False,False
1m8,Li6.8P0.2Ge0.8S5I,-2.58838029403677,6.8,1.758695652173913,2.66,1.5433333333333337,1.2675362318840577,2.06,0.4403407771260799,5.6499999999999995,28.893842202898547,5,13.18840579710145,False,True,False,False,False
ga9,LiCe(BH4)3Cl,-3.987162775294828,1.0,2.098888888888889,3.16,1.1235294117647059,0.9416666666666667,1.67,0.2852338222114154,3.0,12.613237777777778,5,5.833333333333333,True,False,False,False,False
240,Li8GeP4,-4.0655015487564325,8.0,1.4315384615384614,2.19,1.0955555555555556,0.7992307692307693,0.58,0.14636422106204985,1.0,19.389465230769233,3,8.923076923076923,False,False,True,False,False
6l9,Li4B7O12Cl,-5.698970004336019,4.0,2.61,3.44,1.7854545454545452,0.9691666666666666,1.67,0.39338188259699447,1.3384615384615384,13.78695,4,6.666666666666667,False,True,False,False,False
gas,Li0.31La0.63(Ti0.9Co0.1)O3,-3.5850266520291822,0.31,2.609473684210527,3.44,2.114845360824742,1.124769230769231,1.26,0.0,1.2,37.78015700404858,5,16.870445344129557,False,False,False,True,False
hx7,Li2(OH)Br,-5.920818753952375,2.0,2.112,3.44,2.0533333333333332,1.1760000000000002,1.82,0.34788503848254243,2.7,22.158668,4,10.0,False,True,False,False,False
qbb,Li3OBr,-5.958607314841775,3.0,1.8679999999999999,3.44,2.46,1.1560000000000001,1.82,0.36008887791766075,2.7,23.34528,3,10.4,False,True,False,False,False
9ph,Li0.19La0.67(Ti0.9Co0.1)O3,-3.96657624451305,0.19,2.6372839506172836,3.44,2.09741935483871,1.1307078189300412,1.26,0.0,1.2,39.373924773662544,5,17.54320987654321,False,False,False,True,False
kkn,Li6NBr3,-8.0,6.0,1.7799999999999998,3.04,2.06,1.218,1.82,0.4128389516506406,3.5250000000000004,29.536469999999998,3,13.0,True,False,False,False,False
m0v,Li(Li0.34Ti1.66)O4,-7.219682687859849,1.34,2.5185142857142857,3.44,2.1501333333333332,1.068957142857143,1.26,0.21103745059954537,1.2,21.82253714285714,3,10.362857142857141,False,False,False,True,False
6du,(Li0.916Mg0.084)(Li0.352Mg0.016Ti1.634)O4,-7.761953896871205,1.268,2.520708369037418,3.44,2.144197201865423,1.0689131676663812,1.26,0.21103745059954537,1.2,21.914305341331048,4,10.418737503570409,False,False,False,True,False
u0c,(Li0.826Mg0.174)(Li0.374Mg0.026Ti1.60)O4,-8.372634143407268,1.2,2.523142857142857,3.44,2.139333333333333,1.0691428571428572,1.26,0.21103745059954537,1.2,21.967857142857145,4,10.457142857142857,False,False,False,True,False
xub,(Li0.74Mg0.26)(Li0.40Mg0.04Ti1.56)O4,-8.821023052706831,1.1400000000000001,2.524657142857143,3.44,2.1357999999999997,1.0694571428571429,1.26,0.21103745059954537,1.2,21.982051428571427,4,10.477142857142857,False,False,False,True,False
bjw,Li2MnCl4,-5.319664486585437,2.0,2.307142857142857,3.16,1.9900000000000002,1.3499999999999999,1.67,0.37013511046643494,3.0,30.090292142857145,3,14.142857142857142,True,False,False,False,False
dvn,Li2MgCl4,-6.204815410317576,2.0,2.2728571428571427,3.16,2.0700000000000003,1.3342857142857143,1.67,0.3878459614278823,3.0,25.71414285714286,3,12.285714285714286,True,False,False,False,False
t3k,Li1.9Mn0.9Ga0.1Cl4,-6.6252516539898965,1.9,2.3301449275362316,3.16,1.97448275862069,1.3534782608695652,1.67,0.30799999999999994,3.0,30.64006384057971,4,14.391304347826086,True,False,False,False,False
uxi,Li1.65Mn0.65In0.35Cl4,-7.00436480540245,1.65,2.3890977443609023,3.16,1.9345283018867923,1.3721052631578945,1.67,0.30799999999999994,3.0,34.46025251879699,4,15.992481203007516,True,False,False,False,False
r5y,Li2CdCl4,-6.236572006437063,2.0,2.327142857142857,3.16,1.9433333333333336,1.3671428571428572,1.67,0.35459088239483966,3.0,38.300714285714285,3,17.428571428571427,True,False,False,False,False
ek5,LiSrNb2O6F,-10.0,1.0,2.7045454545454546,3.98,2.6975,1.139090909090909,1.26,0.19956564403972876,1.1714285714285713,35.942596654545454,5,16.363636363636363,False,True,False,False,False
xut,LiSrTa2O6F,-10.0,1.0,2.6863636363636365,3.98,2.7475,1.139090909090909,1.26,0.19956564403972876,1.1714285714285713,51.95014210909091,5,22.181818181818183,False,True,False,False,False
ckw,LiSr0.9Nb2O6F0.8,-10.0,1.0,2.697102803738318,3.98,2.6889743589743587,1.136448598130841,1.26,0.2099735433069816,1.176470588235294,35.77634416448598,5,16.299065420560744,False,True,False,False,False
yab,LiSr0.9Ta2O6F0.8,-10.0,1.0,2.678411214953271,3.98,2.74025641025641,1.136448598130841,1.26,0.2099735433069816,1.176470588235294,52.232699304672884,5,22.280373831775698,False,True,False,False,False
ysm,Li1.1SrNb1.9Zr0.1O6F,-10.0,1.1,2.686576576576577,3.98,2.7114634146341463,1.1376576576576578,1.26,0.17211914478058504,1.1714285714285713,35.66616443243243,6,16.234234234234233,False,True,False,False,False
e81,Li1.1SrTa1.9Zr0.1O6F,-10.0,1.1,2.6694594594594596,3.98,2.7578048780487805,1.1376576576576578,1.26,0.17211914478058504,1.1714285714285713,50.736331099099104,6,21.71171171171171,False,True,False,False,False
3qz,Li7La3Zr2O12,-3.9208187539523753,7.0,2.254166666666667,3.44,2.3716666666666666,1.1106666666666667,1.26,0.17262933959466129,1.2,34.989342083333334,4,15.333333333333334,False,False,False,True,False
uaz,Li6CaLa2Nb2O12,-5.795880017344075,6.0,2.3286956521739133,3.44,2.3236363636363633,1.1114782608695652,1.26,0.18189076262254278,1.2,32.058282608695656,5,14.347826086956522,False,False,False,True,False
ka6,Li5La3Ta2O12,-5.179798540514359,5.0,2.3854545454545457,3.44,2.32,1.1225454545454545,1.26,0.1804501258904639,1.2,45.695907727272726,4,19.454545454545453,False,False,False,True,False
7o7,Li6BaLa2Ta2O12,-4.530177984021837,6.0,2.3152173913043477,3.44,2.3518181818181816,1.126695652173913,1.26,0.19760268322034244,1.2,43.942282608695656,5,18.695652173913043,False,False,False,True,False
kji,Li6.4La3Zr1.4Ta0.6O12,-3.0,6.4,2.2911965811965813,3.44,2.3580701754385966,1.1140170940170941,1.26,0.16491500440434748,1.2,38.009142649572645,5,16.495726495726498,False,False,False,True,False
gdr,Li6.2La3Zr1.2Ta0.8O12,-3.494850021680094,6.2,2.3039655172413793,3.44,2.3532142857142855,1.1151724137931034,1.26,0.16491500440434748,1.2,39.05045318965518,5,16.896551724137932,False,False,False,True,False
2wb,Li6.6La3Zr1.6Ta0.4O12,-3.3279021420642825,6.6,2.27864406779661,3.44,2.362758620689655,1.1128813559322033,1.26,0.16491500440434748,1.2,36.985481440677965,5,16.101694915254235,False,False,False,True,False
hcm,Li5La3Ta2O12,-4.468521082957745,5.0,2.3854545454545457,3.44,2.32,1.1225454545454545,1.26,0.1804501258904639,1.2,45.695907727272726,4,19.454545454545453,False,False,False,True,False
e6a,Li6.7La3Zr1.7Ta0.3O12,-3.161150909262745,6.7,2.2724472573839662,3.44,2.365042735042735,1.1123206751054853,1.26,0.16491500440434748,1.2,36.48012970464135,5,15.907172995780591,False,False,False,True,False
g5q,Li6.5La3Zr1.5Ta0.5O12,-3.552841968657781,6.5,2.2848936170212766,3.44,2.3604347826086958,1.1134468085106384,1.26,0.16491500440434748,1.2,37.49513404255319,5,16.29787234042553,False,False,False,True,False
kbq,Li5La3Bi2O12,-4.721246399047171,5.0,2.432727272727273,3.44,2.2159999999999997,1.158,1.26,0.14437073488387142,1.2,48.24431863636364,4,20.363636363636363,False,False,False,True,False
uw9,Li6La2SrBi2O12,-4.698970004336019,6.0,2.36304347826087,3.44,2.251818181818182,1.153217391304348,1.26,0.1547269562871653,1.2,44.218719130434785,5,18.782608695652176,False,False,False,True,False
vqu,Li5Nd3Sb2O12,-6.886056647693163,5.0,2.440909090909091,3.44,2.198,1.1267727272727273,1.26,0.16138855761461413,1.2,41.0429,4,17.863636363636363,False,False,False,True,False
xog,Li5La3Sb2O12,-5.107905397309519,5.0,2.4354545454545455,3.44,2.21,1.1334545454545455,1.26,0.16210679063582728,1.2,40.315191363636366,4,17.454545454545453,False,False,False,True,False
bi3,Li6SrLa2Sb2O12,-5.200659450546418,6.0,2.365652173913044,3.44,2.246363636363636,1.1297391304347826,1.26,0.17011842867002064,1.2,36.63433652173913,5,16.0,False,False,False,True,False
gcj,Li6(La2Ca)(NbO6)2,-5.876148359032914,6.0,2.3286956521739133,3.44,2.3236363636363633,1.1114782608695652,1.26,0.18189076262254278,1.2,32.058282608695656,5,14.347826086956522,False,False,False,True,False
20k,Li6(La2Sr)(NbO6)2,-5.432973633840939,6.0,2.326521739130435,3.44,2.328181818181818,1.119304347826087,1.26,0.18675686001779182,1.2,34.12532608695653,5,15.130434782608695,False,False,False,True,False
jej,Li6CaLa2Ta2O12,-5.657577319177793,6.0,2.32,3.44,2.341818181818182,1.1114782608695652,1.26,0.18189076262254278,1.2,39.7140652173913,5,17.130434782608695,False,False,False,True,False
hud,Li6BaLa2Ta2O12,-4.886056647693163,6.0,2.3152173913043477,3.44,2.3518181818181816,1.126695652173913,1.26,0.19760268322034244,1.2,43.942282608695656,5,18.695652173913043,False,False,False,True,False
7w5,Li6.75La3Zr1.75Ta0.25O12,-3.0604807473813813,6.75,2.2693684210526315,3.44,2.366170212765957,1.112042105263158,1.26,0.16491500440434748,1.2,36.22904968421053,5,15.810526315789474,False,False,False,True,False
etz,Li7La3Zr2O12,-5.705533773838407,7.0,2.254166666666667,3.44,2.3716666666666666,1.1106666666666667,1.26,0.17262933959466129,1.2,34.989342083333334,4,15.333333333333334,False,False,False,True,False
ner,Li6BaLa2Ta2O12,-4.772113295386326,6.0,2.3152173913043477,3.44,2.3518181818181816,1.126695652173913,1.26,0.19760268322034244,1.2,43.942282608695656,5,18.695652173913043,False,False,False,True,False
z2s,Nd3Zr2Al0.5Li5.5O12,-4.4089353929735005,5.5,2.328478260869565,3.44,2.324090909090909,1.1085434782608696,1.26,0.16681652835445115,1.2,37.34056823043478,5,16.47826086956522,False,False,False,True,False
72f,(Li6.26Al0.24)La3Zr2O12,-3.677780705266081,6.26,2.2877106382978725,3.44,2.354678260869565,1.1128510638297873,1.26,0.17053767967530198,1.2,35.790784649531915,5,15.697872340425532,False,False,False,True,False
sqm,Li6Ba0.5Sr0.5La2Ta2O12,-5.1487416512809245,6.0,2.316521739130435,3.44,2.349090909090909,1.123,1.26,0.18587474677212962,1.2,42.861695652173914,6,18.304347826086957,False,False,False,True,False
zxr,Li6SrLa2Ta2O12,-5.267606240177032,6.0,2.3178260869565217,3.44,2.346363636363636,1.119304347826087,1.26,0.18675686001779182,1.2,41.78110869565217,5,17.91304347826087,False,False,False,True,False
h89,Li6BaLa2Ta2O12,-4.823908740944319,6.0,2.3152173913043477,3.44,2.3518181818181816,1.126695652173913,1.26,0.19760268322034244,1.2,43.942282608695656,5,18.695652173913043,False,False,False,True,False
l9r,Li6CaLa2Ta2O12,-5.657577319177793,6.0,2.32,3.44,2.341818181818182,1.1114782608695652,1.26,0.18189076262254278,1.2,39.7140652173913,5,17.130434782608695,False,False,False,True,False
ueu,Li5.74La3Zr1.5Ta0.5O12,-3.0443122496864943,5.74,2.328504837291117,3.44,2.353389199255121,1.120580474934037,1.26,0.16067160632596253,1.2,38.5162924362357,5,16.742304309586633,False,False,False,True,False
uwh,La3Li5.08Ta1.51Zr0.39O12,-3.987162775294828,5.08,2.381351228389445,3.44,2.331573146292585,1.1247133757961785,1.26,0.16810492350351447,1.2,43.347504494995455,5,18.565514103730667,False,False,False,True,False
gz8,Li5La3Ta2O12,-4.798602875679548,5.0,2.3854545454545457,3.44,2.32,1.1225454545454545,1.26,0.1804501258904639,1.2,45.695907727272726,4,19.454545454545453,False,False,False,True,False
419,Li5.3La3Ta1.85Sm0.15O12,-5.148130399270234,5.3,2.3643273542600896,3.44,2.3288834951456314,1.1216905829596413,1.26,0.16810492350351447,1.2,44.9687931838565,5,19.15919282511211,False,False,False,True,False
c0g,Li5.5La3Ta1.75Sm0.25O12,-5.286509456906058,5.5,2.3505555555555557,3.44,2.3345238095238097,1.1211333333333335,1.26,0.16810492350351447,1.2,44.494822222222226,5,18.966666666666665,False,False,False,True,False
kbu,Li5.70La3Ta1.65Sm0.35O12,-4.667561540084395,5.7,2.3370264317180616,3.44,2.3399532710280373,1.1205859030837004,1.26,0.16810492350351447,1.2,44.02920317180617,5,18.777533039647576,False,False,False,True,False
fam,Li5.90La3Ta1.55Sm0.45O12,-4.928117992693875,5.9,2.3237336244541487,3.44,2.345183486238532,1.120048034934498,1.26,0.16810492350351447,1.2,43.571717205240176,5,18.59170305676856,False,False,False,True,False
dae,Li6.10La3Ta1.45Sm0.55O12,-4.853871964321762,6.1,2.3106709956709954,3.44,2.350225225225225,1.1195194805194806,1.26,0.17161055275880271,1.2,43.12215307359307,5,18.409090909090907,False,False,False,True,False
9p1,Li7La3Zr2O12,-3.2448877336049287,7.0,2.254166666666667,3.44,2.3716666666666666,1.1106666666666667,1.26,0.17262933959466129,1.2,34.989342083333334,4,15.333333333333334,False,False,False,True,False
gkl,Li5La3Nb2O12,-5.294136287716081,5.0,2.394545454545455,3.44,2.3,1.1225454545454545,1.26,0.1804501258904639,1.2,37.692135,4,16.545454545454547,False,False,False,True,False
bqx,Li3Nd3Te2O12,-10.0,3.0,2.592,3.44,2.38,1.26645,2.07,0.29635071705666577,2.442857142857143,45.03709,4,19.45,False,False,False,True,False
2mn,Li7La3Zr2O12,-3.291579099865287,7.0,2.254166666666667,3.44,2.3716666666666666,1.1106666666666667,1.26,0.17262933959466129,1.2,34.989342083333334,4,15.333333333333334,False,False,False,True,False
8k7,Li5La3Ta2O12,-5.812479279163537,5.0,2.3854545454545457,3.44,2.32,1.1225454545454545,1.26,0.1804501258904639,1.2,45.695907727272726,4,19.454545454545453,False,False,False,True,False
kh3,Li6.5La3Zr1.5Ta0.5O12 ,-3.036212172654445,6.5,2.2848936170212766,3.44,2.3604347826086958,1.1134468085106384,1.26,0.16491500440434748,1.2,37.49513404255319,5,16.29787234042553,False,False,False,True,False
o5q,Li6.8La3Zr1.8Ta0.2O12 ,-3.552841968657781,6.8,2.2663025210084036,3.44,2.3672881355932205,1.111764705882353,1.26,0.16491500440434748,1.2,35.97902462184874,5,15.714285714285714,False,False,False,True,False
tbj,Li5La3Sb2O12,-5.47755576649368,5.0,2.4354545454545455,3.44,2.21,1.1334545454545455,1.26,0.16210679063582728,1.2,40.315191363636366,4,17.454545454545453,False,False,False,True,False
zzr,Li10GeP2S12,-2.1191864077192086,10.0,1.8860000000000001,2.58,1.3346153846153845,1.2572,1.7,0.4334006922006471,5.5,23.55110096,4,11.36,False,False,False,False,True
kop,Li10Ge0.66Sn0.33P2S12,-2.193820026016113,10.0,1.8852901160464184,2.58,1.3364742109314858,1.2568267306922767,1.7,0.43492017147466905,5.5,24.13982488995598,5,11.589435774309724,False,False,False,False,True
rty,Li10Ge0.33Sn0.66P2S12,-2.318758762624413,10.0,1.8846298519407763,2.58,1.3377444187836798,1.256298519407763,1.7,0.43492017147466905,5.5,24.748192236894756,5,11.827130852340936,False,False,False,False,True
kko,Li10SnP2S12,-2.42021640338319,10.0,1.8840000000000001,2.58,1.3384615384615386,1.2556,1.7,0.4348984249224179,5.5,25.39390096,4,12.08,False,False,False,False,True
liv_5,Li2OHCl,-7.148130399,2.0,2.152,3.44,2.0533333333333332,1.1460000000000001,1.67,0.29323028492978004,2.1,13.268468000000002,4,6.4,False,True,False,False,False
liv_8,Li6PO5Cl,-9.0,6.0,2.186923076923077,3.44,2.2871428571428574,1.0730769230769233,1.67,0.2708784744659385,1.5,14.46690476923077,4,6.923076923076923,False,True,False,False,False
liv_24,Li7La3Zr2O12,-5.787812396,7.0,2.254166666666667,3.44,2.3716666666666666,1.1106666666666667,1.26,0.17262933959466129,1.2,34.989342083333334,4,15.333333333333334,False,False,False,True,False
liv_35,LiTi2(PO4)3,-6.416801226,1.0,2.883888888888889,3.44,1.6683333333333332,1.0694444444444444,1.26,0.27825292695320336,1.2,21.532727,4,10.444444444444445,False,False,False,True,False
liv_37,Li10GeP2S12,-2.692503962,10.0,1.8860000000000001,2.58,1.3346153846153845,1.2572,1.7,0.4334006922006471,5.5,23.55110096,4,11.36,False,False,False,False,True
liv_39,Li7P3S11,-2.494850022,7.0,1.990952380952381,2.58,1.237,1.2733333333333332,1.7,0.45879068090894004,5.5,23.534442190476188,3,11.523809523809524,False,False,False,False,True
liv_95,Li5La3Ta2O12,-5.536107011,5.0,2.3854545454545457,3.44,2.32,1.1225454545454545,1.26,0.1804501258904639,1.2,45.695907727272726,4,19.454545454545453,False,False,False,True,False
liv_96,Li5La3Ta2O12,-5.882728704,5.0,2.3854545454545457,3.44,2.32,1.1225454545454545,1.26,0.1804501258904639,1.2,45.695907727272726,4,19.454545454545453,False,False,False,True,False
liv_250,LiGe2(PO4)3,-6.0,1.0,2.9361111111111113,3.44,1.5116666666666665,1.0833333333333333,1.26,0.26449112566503163,1.2,24.285282555555554,4,11.555555555555555,False,False,False,True,False
liv_252,Li4Nd3TeSbO12,-8.060480747,4.0,2.5128571428571425,3.44,2.26625,1.1932857142857143,2.07,0.24562265733420918,1.869230769230769,42.94489523809524,5,18.61904761904762,False,False,False,True,False
liv_313,LiTi2(PO4)3,-4.142667504,1.0,2.883888888888889,3.44,1.6683333333333332,1.0694444444444444,1.26,0.27825292695320336,1.2,21.532727,4,10.444444444444445,False,False,False,True,False
liv_387,LiZr2(PO4)3,-5.48148606,1.0,2.8605555555555555,3.44,1.738333333333333,1.0822222222222222,1.26,0.2654044200325976,1.2,26.350171444444445,4,12.444444444444445,False,False,False,True,False
liv_391,LiZr2(PO4)3,-7.301029996,1.0,2.8605555555555555,3.44,1.738333333333333,1.0822222222222222,1.26,0.2654044200325976,1.2,26.350171444444445,4,12.444444444444445,False,False,False,True,False
liv_409,Li2CrTi(PO4)3,-6.355561411,2.0,2.7900000000000005,3.44,1.7642857142857142,1.0707894736842105,1.26,0.2649541328622289,1.2,20.982062421052632,5,10.157894736842104,False,False,False,True,False
liv_410,Li2FeTi(PO4)3,-6.476253533,2.0,2.7989473684210524,3.44,1.74,1.0697368421052633,1.26,0.2655107971053181,1.2,21.184636105263156,5,10.263157894736842,False,False,False,True,False
liv_411,Li2FeZr(PO4)3,-6.841637508,2.0,2.787894736842105,3.44,1.7699999999999998,1.0757894736842106,1.26,0.25927664131444994,1.2,23.46658347368421,5,11.210526315789474,False,False,False,True,False
liv_441,LiGe2(PO4)3,-6.142667504,1.0,2.9361111111111113,3.44,1.5116666666666665,1.0833333333333333,1.26,0.26449112566503163,1.2,24.285282555555554,4,11.555555555555555,False,False,False,True,False
liv_471,LiSn2(PO4)3,-8.698970004,1.0,2.9305555555555554,3.44,1.528333333333333,1.078888888888889,1.26,0.2683465605205513,1.2,29.404171444444444,4,13.555555555555555,False,False,False,True,False
liv_495,LiFePO4 ,-8.958607315,1.0,2.6799999999999997,3.44,1.7733333333333332,1.0628571428571427,1.26,0.24944018955105313,1.2,22.536766,4,10.857142857142858,False,False,False,True,False
liv_499,Li6PS5Cl,-3.270025714,6.0,1.856153846153846,3.16,2.007142857142857,1.2423076923076921,1.7,0.42715793955566805,5.083333333333333,20.645981692307693,4,10.0,False,True,False,False,False
liv_500,Li6PS5Cl,-3.424812155,6.0,1.856153846153846,3.16,2.007142857142857,1.2423076923076921,1.7,0.42715793955566805,5.083333333333333,20.645981692307693,4,10.0,False,True,False,False,False
liv_502,Li4P2S6,-6.590066877,4.0,1.9816666666666667,2.58,1.1966666666666665,1.2466666666666666,1.7,0.4657133119086128,5.5,23.508460333333332,3,11.5,False,False,False,False,True
liv_504,Li3OBr,-5.974694135,3.0,1.8679999999999999,3.44,2.46,1.1560000000000001,1.82,0.36008887791766075,2.7,23.34528,3,10.4,False,True,False,False,False
liv_534,LiTi2P3O12,-6.397940009,1.0,2.883888888888889,3.44,1.6683333333333332,1.0694444444444444,1.26,0.27825292695320336,1.2,21.532727,4,10.444444444444445,False,False,False,True,False
liv_535,LiZr2P3O12,-7.301029996,1.0,2.8605555555555555,3.44,1.738333333333333,1.0822222222222222,1.26,0.2654044200325976,1.2,26.350171444444445,4,12.444444444444445,False,False,False,True,False
liv_541,Li3PO4,-12.75696195,3.0,2.36125,3.44,2.1574999999999998,1.04,1.26,0.24083189157584592,1.2,14.47429525,3,7.0,False,False,False,True,False
liv_542,Li3VO4,-13.03621217,3.0,2.29125,3.44,2.2975,1.0525,1.26,0.21815991840849225,1.2,16.9702625,3,8.0,False,False,False,True,False
liv_555,Li4GeO4,-11.88605665,4.0,2.1877777777777774,3.44,2.254,1.0566666666666666,1.26,0.18208667044996882,1.2,18.266844444444445,3,8.444444444444445,False,False,False,True,False
liv_561,Li6PS5Br,-3.721246399,6.0,1.8407692307692307,2.96,1.8071428571428572,1.2538461538461538,1.82,0.44037638554621156,5.283333333333333,24.065289384615383,4,11.384615384615385,False,True,False,False,False
liv_582,Li6PS5I,-3.200659451,6.0,1.8176923076923077,2.66,1.5071428571428573,1.2723076923076921,2.06,0.46789469305280895,5.6499999999999995,27.680710153846157,4,12.76923076923077,False,True,False,False,False
liv_587,LiBH4,-7.004803708,1.0,1.97,2.2,0.6900000000000002,0.8850000000000001,1.0,0.21554195260629275,1.0,3.6306266666666667,3,2.0,False,False,True,False,False
liv_703,Li6NBr3,-6.508638306,6.0,1.7799999999999998,3.04,2.06,1.218,1.82,0.4128389516506406,3.5250000000000004,29.536469999999998,3,13.0,True,False,False,False,False
liv_704,Li4SiO4,-9.698970004,4.0,2.1755555555555555,3.44,2.276,1.02,1.26,0.24,1.2,13.316344444444445,3,6.444444444444445,False,False,False,True,False
liv_705,Li4GeO4,-11.50863831,4.0,2.1877777777777774,3.44,2.254,1.0566666666666666,1.26,0.18208667044996882,1.2,18.266844444444445,3,8.444444444444445,False,False,False,True,False
liv_706,Li2Ge7O15,-15.30103,2.0,2.8179166666666666,3.44,1.658888888888889,1.11625,1.26,0.1857375500538327,1.2,31.76470833333333,3,14.583333333333334,False,False,False,True,False
liv_708,LiI,-7.552841969,1.0,1.82,2.66,1.6800000000000002,1.48,2.06,0.5800000000000001,6.4,66.922735,2,28.0,True,False,False,False,False
liv_710,Li3P,-3.0,3.0,1.2825,2.19,1.21,0.8200000000000001,0.58,0.1385640646055102,1.0,12.9491905,2,6.0,False,False,True,False,False
liv_712,Li3Sc2P3O12,-10.0,3.0,2.6755000000000004,3.44,1.91125,1.0665,1.26,0.25577382586965386,1.2,19.7824455,4,9.6,False,False,False,True,False
liv_714,LiLa(TiO3)2,-3.0,1.0,2.58,3.44,2.15,1.1122,1.26,0.21197773467984793,1.2,33.757687,4,15.2,False,False,False,True,False
liv_716,Li3VO4,-5.777283529,3.0,2.29125,3.44,2.2975,1.0525,1.26,0.21815991840849225,1.2,16.9702625,3,8.0,False,False,False,True,False
liv_717,Li7P3S11,-3.063989204,7.0,1.990952380952381,2.58,1.237,1.2733333333333332,1.7,0.45879068090894004,5.5,23.534442190476188,3,11.523809523809524,False,False,False,False,True
liv_718,Li4BN3H10,-3.698970004,4.0,2.06,3.04,1.176,0.9983333333333333,1.32,0.1965324400703355,1.5,5.037472222222222,4,2.6666666666666665,False,False,True,False,False
liv_722,Li2NH,-3.595166283,2.0,1.8,3.04,1.6533333333333333,1.03,1.32,0.17233687939614087,1.5,7.22416,3,3.5,False,False,True,False,False
liv_725,Li3N,-3.240332155,3.0,1.495,3.04,2.06,1.0050000000000001,1.32,0.18186533479473213,1.5,8.707425,2,4.0,False,False,True,False,False
liv_730,Li4B7O12Cl,-7.0,4.0,2.61,3.44,1.7854545454545452,0.9691666666666666,1.67,0.39338188259699447,1.3384615384615384,13.78695,4,6.666666666666667,False,True,False,False,False
liv_733,Li5La3Nb2O12,-5.096910013,5.0,2.394545454545455,3.44,2.3,1.1225454545454545,1.26,0.1804501258904639,1.2,37.692135,4,16.545454545454547,False,False,False,True,False
liv_755,Li6PS5Br,-3.15864053,6.0,1.8407692307692307,2.96,1.8071428571428572,1.2538461538461538,1.82,0.44037638554621156,5.283333333333333,24.065289384615383,4,11.384615384615385,False,True,False,False,False
liv_765,Li2SiS3,-5.698970004,2.0,1.9333333333333333,2.58,1.2933333333333334,1.24,1.7,0.4753945729601885,5.5,23.027083333333334,3,11.333333333333334,False,False,False,False,True
liv_775,Li7La3Zr2O12 ,-5.818156412,7.0,2.254166666666667,3.44,2.3716666666666666,1.1106666666666667,1.26,0.17262933959466129,1.2,34.989342083333334,4,15.333333333333334,False,False,False,True,False
liv_776,Li7La3Hf2O12,-6.01188716,7.0,2.2516666666666665,3.44,2.376666666666667,1.1098333333333332,1.26,0.1738571412268002,1.2,42.26150875,4,18.0,False,False,False,True,False
liv_778,Li7P3S11,-2.494850022,7.0,1.990952380952381,2.58,1.237,1.2733333333333332,1.7,0.45879068090894004,5.5,23.534442190476188,3,11.523809523809524,False,False,False,False,True
liv_781,Li4GeS4,-6.600153287,4.0,1.8055555555555556,2.58,1.3940000000000001,1.2522222222222221,1.7,0.40060448152421346,5.5,25.40711111111111,3,12.0,False,False,False,False,True
liv_783,Li4P2S6,-9.795880017,4.0,1.9816666666666667,2.58,1.1966666666666665,1.2466666666666666,1.7,0.4657133119086128,5.5,23.508460333333332,3,11.5,False,False,False,False,True
liv_789,Li4SnS4,-4.15490196,4.0,1.7999999999999998,2.58,1.4040000000000001,1.2477777777777779,1.7,0.40501790845941554,5.5,30.525999999999996,3,14.0,False,False,False,False,True
liv_791,Li2SnS3,-4.866461092,2.0,1.9433333333333334,2.58,1.2733333333333334,1.2883333333333333,1.7,0.41232740496950826,5.5,38.131166666666665,3,17.333333333333332,False,False,False,False,True
liv_792,Li3PS4,-3.795880017,3.0,1.93125,2.58,1.2975,1.26,1.7,0.4507771067833858,5.5,22.50709525,3,11.0,False,False,False,False,True
liv_821,Li10SiP2S12,-2.638272164,10.0,1.8816000000000002,2.58,1.343076923076923,1.244,1.7,0.44971101832176624,5.5,21.768920959999996,4,10.64,False,False,False,False,True
liv_867,Li7La3Zr2O12,-4.638272164,7.0,2.254166666666667,3.44,2.3716666666666666,1.1106666666666667,1.26,0.17262933959466129,1.2,34.989342083333334,4,15.333333333333334,False,False,False,True,False
liv_903,LiMgPO4,-11.19997064,1.0,2.605714285714286,3.44,1.9466666666666665,1.0542857142857143,1.26,0.25516701213446985,1.2,18.031051714285717,4,8.857142857142858,False,False,False,True,False
liv_2005,Li5La3Sb2O12,-5.685784276,5.0,2.4354545454545455,3.44,2.21,1.1334545454545455,1.26,0.16210679063582728,1.2,40.315191363636366,4,17.454545454545453,False,False,False,True,False
liv_2006,LiAlSi2O6,-8.457685004,1.0,2.7030000000000003,3.44,1.8425,1.0215,1.26,0.3065619839445198,1.2,18.608993859999998,4,9.2,False,False,False,True,False
liv_2008,Li3Fe2P3O12,-7.953862132,3.0,2.7225,3.44,1.79375,1.0699999999999998,1.26,0.2534955620913313,1.2,20.8713543,4,10.1,False,False,False,True,False
liv_2014,LiGaSiO4,-10.9652893,1.0,2.6357142857142857,3.44,1.8766666666666667,1.0342857142857143,1.26,0.278098499654716,1.2,24.10672857142857,4,11.428571428571429,False,False,False,True,False
liv_2024,Li3Fe(MoO4)3,-9.229824822,3.0,2.7647368421052634,3.44,1.8328571428571427,1.1110526315789473,1.26,0.19809340531657507,1.2,29.28846315789474,4,13.526315789473685,False,False,False,True,False
liv_2025,Li6FeCl8,-7.047042731,6.0,2.1993333333333336,3.16,2.0585714285714287,1.312,1.67,0.3827479588449819,3.0,25.407666666666668,3,12.0,True,False,False,False,False
liv_2029,Li6NiCl8,-9.569675406,6.0,2.2046666666666668,3.16,2.047142857142857,1.3,1.67,0.39739149462463325,3.0,25.59756,3,12.133333333333333,True,False,False,False,False
liv_2030,Li6CoCl8,-5.821821295,6.0,2.2026666666666666,3.16,2.0514285714285716,1.3096666666666665,1.67,0.38522922469038545,3.0,25.613546333333336,3,12.066666666666666,True,False,False,False,False
liv_2031,LiF,-13.92960042,1.0,2.48,3.98,3.0,1.045,1.19,0.14499999999999996,1.0,12.969701599999999,2,6.0,True,False,False,False,False
