id,composition,log_conductivity,family,space_group_num,a,b,c,alpha,beta,gamma,has_cif,source,split,doi
jqc,Li7BiO6,-5.800000874803203,hexaoxometalates,2.0,5.5071,6.0425,5.5231,116.912,120.867,62.234,True,obelix,train,10.1002/zaac.200500231
oi6,Li7SbO6,-7.173925197299173,hexaoxometalates,2.0,5.4307,5.8916,5.385,116.748,119.63,62.779,True,obelix,train,10.1021/ic030208w
2t8,LiV(PO4)F,-6.091514981121351,Tavorite,2.0,5.3115,7.2617,5.1744,107.934,98.444,107.547,True,obelix,train,10.1016/j.ssi.2013.04.002
47i,Li4P2O7,-10.0,diphosphate,2.0,8.5632,7.1099,5.1858,111.426,89.991,103.055,True,obelix,train,10.1016/j.jssc.2013.12.015
clt,Li6CuB4O10,-13.0,copper pyroborate,2.0,3.31218,6.68272,9.27858,78.8443,89.7596,86.6143,True,obelix,train,10.1021/acs.inorgchem.8b01785
ix1,Li0.91Hf2.022(PO4)3,-6.494850021680094,NASICON,167.0,8.8306,8.8306,22.027,90.0,90.0,120.0,True,obelix,train,10.1021/cm970078n
bq9,Li3BiO3,-9.619788758288394,oxides,2.0,9.02743,9.7388,9.23917,114.04632,89.29499,107.53782,True,obelix,train,10.1016/j.ssi.2015.10.016
skm,Li5BiO5,-8.4089353929735,oxides,8.0,9.97608,4.15207,5.94635,90.0,109.48577,90.0,True,obelix,train,10.1016/j.ssi.2015.10.016
pwr,Li7.22Si1.5P0.5O8,-6.785156151952302,LISICON,11.0,5.10536,6.11225,5.29671,90.0,90.3692,90.0,True,obelix,train,10.1021/jacs.5b04444
b4c,Li4SiS4,-7.798602875679548,thio-LISICON,11.0,6.8934,7.7675,6.1241,90.0,91.225,90.0,True,obelix,train,10.1006/jssc.2002.9701
y2l,Li5AlS4,-8.853871964321762,thio-LISICON,11.0,6.8583,7.8369,6.2488,90.0,90.333,90.0,True,obelix,train,10.1016/j.jssc.2017.09.018
pe2,Li17Sb13S28,-8.978810700930062,,12.0,12.7298,11.5837,9.2251,90.0,119.55,90.0,True,obelix,train,10.1002/chem.201502052
opo,Li0.6[Li0.2Sn0.8S2],-3.9208187539523753,layered,12.0,19.217,3.6996,6.529,90.0,109.056,90.0,True,obelix,train,10.1039/c6ee00633g
lkm,Li6Ge2O7,-6.070581074285707,,14.0,8.071,5.304,14.223,90.0,92.9,90.0,True,obelix,train,10.4028/www.scientific.net/msf.76.107
bv2,LiYO2,-7.744727494896693,oxides,14.0,6.12,6.185,6.21,90.0,118.8,90.0,True,obelix,train,10.1016/0167-2738(81)90021-7
be9,LiGaBr4,-5.154901959985743,halides,14.0,13.696,6.854,7.416,90.0,93.14,90.0,True,obelix,train,10.1016/s0167-2738(00)00491-4
n27,LiBO2,-8.0,,14.0,5.845,4.353,6.454,90.0,115.09,90.0,True,obelix,train,10.1140/epjst/e2008-00753-4
goi,LiClC3H7NO,-3.795880017344075,,14.0,5.839,6.39,15.961,90.0,98.826,90.0,True,obelix,train,10.1021/acs.chemmater.5b00940
lrh,Li2.5V2(PO4)3,-6.721246399047171,NASICON,14.0,8.45678,8.62076,11.89577,90.0,90.2366,90.0,True,obelix,train,10.1021/cm034802f
1xt,LiSbO2,-10.0,oxides,14.0,4.855,17.857,5.5771,90.0,90.061,90.0,True,obelix,train,10.1021/ic201183e
kbo,Li2Sr2Al(PO4)3,-10.0,NASICON,14.0,4.945,22.088,8.632,90.0,91.47,90.0,True,obelix,train,10.1016/j.jssc.2016.08.006
5zv,Li4Zn(PO4)2,-17.255707016877324,phosphates,14.0,8.1199,10.24192,8.10549,90.0,104.8589,90.0,True,obelix,train,10.1021/acs.chemmater.7b05139
5bz,Li3BN2,-7.060480747381382,boron nitride,14.0,5.1502,7.0824,6.7908,90.0,112.956,90.0,True,obelix,train,10.1016/0022-4596(87)90135-6
883,LiAlH4,-8.060480747381382,hydrides,14.0,4.8254,7.804,7.8968,90.0,112.268,90.0,True,obelix,train,10.1063/1.3356981
uu4,LiVO3,-8.688246138944246,oxides,15.0,10.1597,8.4155,5.8843,90.0,110.505,90.0,True,obelix,train,10.1006/jssc.2000.9009
tws,Li6Zr2O7,-9.2839966563652,zirconates,15.0,10.44,5.991,10.204,90.0,100.25,90.0,True,obelix,train,10.3103/s1062873810050199
l9v,Li3AlF6,-6.301029995663981,fluorides,15.0,14.201,8.387,9.861,90.0,94.07,90.0,True,obelix,train,10.1149/2.012206eel
t0h,Li2ZrO3,-9.214670164989233,oxides,15.0,5.4163,9.0262,5.4156,90.0,112.615,90.0,True,obelix,train,10.1016/0167-2738(81)90021-7
4kt,Li2CrCl4,-10.0,halides,15.0,7.446,10.162,10.172,90.0,90.0,132.11,True,obelix,train,10.1016/0022-4596(88)90301-5
xas,Li2SnS3,-4.823908740944319,sulfides,15.0,6.3964,11.0864,12.4048,90.0,99.867,90.0,True,obelix,train,10.1021/cm5037524
kfp,Li2BaP2O7,-16.796203144042632,pyrophosphate,15.0,7.147,12.283,14.016,90.0,90.49,90.0,True,obelix,train,10.1007/s11581-014-1261-6
qy4,Li3Na5(TiS4)2,-5.055517327849832,sulfides,15.0,17.5783,9.6404,12.0796,90.0,133.4047,90.0,True,obelix,train,10.1016/j.jssc.2008.01.023
00x,LiGd(PO3)4,-10.0,phosphates,15.0,16.386,7.059,9.677,90.0,126.12,90.0,True,obelix,train,10.1016/j.jssc.2006.06.003
9wf,Li3ErI6,-3.1870866433571443,halides,15.0,7.413,12.838,14.2,90.0,100.01,90.0,True,obelix,train,10.1021/acsaem.0c00147
dmq,Li3AlS3,-7.882728704344236,sulfides,15.0,14.31901,11.98037,6.627,90.0,116.9231,90.0,True,obelix,train,10.1021/acs.chemmater.9b03230
uox,Li3.7Zn0.7Ga0.3(PO4)2,-11.24795155218056,phosphates,19.0,4.9391,6.4803,10.1468,90.0,90.0,90.0,True,obelix,train,10.1021/acs.chemmater.7b05139
joc,Li3PS4,-6.585026652029182,thio-LISICON,31.0,7.70829,6.53521,6.1365,90.0,90.0,90.0,True,obelix,train,10.1021/ja3110895
mq1,Li3SbS4,-8.318758762624412,thio-LISICON,31.0,7.9645,6.8404,6.3774,90.0,90.0,90.0,True,obelix,train,10.1016/j.ssi.2019.01.017
h6c,Li3VO4,-13.036212172654444,LISICON,31.0,6.3278,5.4448,4.9467,90.0,90.0,90.0,True,obelix,train,10.1021/acs.chemmater.8b01504
bsa,LiGaO2,-13.619788758288394,oxides,33.0,5.402,6.372,5.007,90.0,90.0,90.0,True,obelix,train,10.1007/bf00549810
mde,LiB6O9F,-10.0,fluorooxoborate,33.0,7.65545,8.53175,10.7894,90.0,90.0,90.0,True,obelix,train,10.1002/zaac.200900056
1e9,Li3SbS3,-9.0,sulfides,33.0,7.9671,6.7883,10.0912,90.0,90.0,90.0,True,obelix,train,10.1002/zaac.201200277
an2,Li6SiO4Cl2,-10.0,argyrodite,33.0,10.5204,6.0756,9.953,90.0,90.0,90.0,True,obelix,train,10.1021/acs.chemmater.1c00157
tka,LiSi2N3,-7.209714835966758,nitride,36.0,9.186,5.302,4.776,90.0,90.0,90.0,True,obelix,train,10.1016/0167-2738(87)90119-6
cdk,Li2(PO2N),-10.0,LIPON,36.0,9.0692,5.3999,4.6856,90.0,90.0,90.0,True,obelix,train,10.1016/j.ssi.2012.12.013
fwz,Li2SiS3,-5.698970004336019,thio-LISICON,36.0,6.735,11.664,5.926,90.0,90.0,90.0,True,obelix,train,10.1016/0025-5408(89)90053-6
cy2,La0.64Li0.08TiO3,-3.474955192963155,perovskites,47.0,3.8753,3.8638,7.7901,90.0,90.0,90.0,True,obelix,train,10.1016/s0167-2738(00)00761-x
5tl,La0.62Li0.14TiO3,-3.354577730650908,perovskites,47.0,3.8757,3.8655,7.7845,90.0,90.0,90.0,True,obelix,train,10.1016/s0167-2738(00)00761-x
u2y,La0.595Li0.215TiO3,-3.0690509688324767,perovskites,47.0,3.8671,3.8654,7.7727,90.0,90.0,90.0,True,obelix,train,10.1016/s0167-2738(00)00761-x
5z0,Li5AlO4,-9.30102999566398,oxides,61.0,9.08,8.94,9.13,90.0,90.0,90.0,True,obelix,train,10.1016/0025-5408(76)90169-0
472,Li14Nd5(Si11N19O5)O2F2,-9.769551078621726,nitridosilicates,59.0,17.126,7.6155,10.123,90.0,90.0,90.0,True,obelix,train,10.1021/ja302255d
9zk,Li5GaO4,-8.301029995663981,oxides,61.0,9.173,9.094,9.202,90.0,90.0,90.0,True,obelix,train,10.1016/0025-5408(76)90169-0
dnt,Li2CrTi(PO4)3,-6.355561410532162,NASICON,61.0,8.461,8.688,23.83,90.0,90.0,90.0,True,obelix,train,10.1016/s0167-2738(96)00565-6
c6h,Li2FeTi(PO4)3,-6.476253533188435,NASICON,61.0,8.452,8.672,23.62,90.0,90.0,90.0,True,obelix,train,10.1016/s0167-2738(96)00565-6
vzu,Li2FeZr(PO4)3,-6.841637507904751,NASICON,61.0,8.47,8.72,23.8,90.0,90.0,90.0,True,obelix,train,10.1016/s0167-2738(96)00565-6
nhq,Li3PS4,-6.049148541111453,thio-LISICON,62.0,13.066,8.015,6.101,90.0,90.0,90.0,True,obelix,train,10.1021/ja3110895
w7d,Li3PO4,-17.3767507096021,LISICON,62.0,6.1113,10.4612,4.9208,90.0,90.0,90.0,True,obelix,train,10.1006/jssc.1995.1140
fj5,Li6.5O8P1.5Si0.5,-6.347753658996677,LISICON,62.0,10.52587,6.11525,4.97031,90.0,90.0,90.0,True,obelix,train,10.1021/jacs.5b04444
gxz,Li4Zn(PO4)2,-10.0,phosphates,62.0,10.2974,6.5021,5.0011,90.0,90.0,90.0,True,obelix,train,10.1021/acs.chemmater.7b05139
tbu,Li3.5Zn0.5Ga0.5(PO4)2,-10.0,phosphates,62.0,10.08925,6.5108,4.935878,90.0,90.0,90.0,True,obelix,train,10.1021/acs.chemmater.7b05139
uxo,Li2.88PO3.73N0.14,-12.853871964321762,LISICON,62.0,6.1153,10.469,4.9195,90.0,90.0,90.0,True,obelix,train,10.1006/jssc.1995.1140
e6b,Li4GeS4,-6.698970004336019,thio-LISICON,62.0,14.07,7.75,6.15,90.0,90.0,90.0,True,obelix,train,10.1016/s0167-2738(00)00277-0
pbz,Li3.75Ge0.75V0.25O4,-5.247183568811729,LISICON,62.0,10.896,6.2516,5.1571,90.0,90.0,90.0,True,obelix,train,10.1023/a:1026135806929
7ek,Li3.70Ge0.85W0.15O4,-4.42021640338319,LISICON,62.0,10.938,6.274,5.1609,90.0,90.0,90.0,True,obelix,train,10.1023/a:1026135806929
kmv,Li4SnS4,-4.154901959985743,Chalcogenidotetrelates,62.0,13.812,7.9624,6.367,90.0,90.0,90.0,True,obelix,train,10.1021/cm3011315
9lo,Li3PO4,-12.756961951313706,LISICON,62.0,10.4772,6.1179,4.9297,90.0,90.0,90.0,True,obelix,train,10.1021/acs.chemmater.8b01504
dth,Li4GeO4,-11.886056647693165,LISICON,63.0,7.7661,7.3645,6.0555,90.0,90.0,90.0,True,obelix,train,10.1021/acs.chemmater.8b01504
45e,Li2MgBr4,-9.10790539730952,halides,65.0,7.771,11.04,7.735,90.0,90.0,90.0,True,obelix,train,10.1002/chin.198639014|10.1149/1.2108704
x2i,LiBiO2,-7.42021640338319,oxides,72.0,18.00548,5.18159,4.97144,90.0,90.0,90.0,True,obelix,train,10.1016/j.ssi.2015.10.016
xz4,(Li0.5Ce0.5)(MoO4),-7.886056647693163,molybdates,88.0,5.2943,5.2943,11.6254,90.0,90.0,90.0,True,obelix,train,10.1007/s12039-011-0068-5
hja,(Li0.5Ce0.25Pr0.25)(MoO4),-9.0,molybdates,88.0,5.284,5.284,11.5763,90.0,90.0,90.0,True,obelix,train,10.1007/s12039-011-0068-5
3nb,(Li0.5Ce0.25Sm0.25)(MoO4),-9.744727494896694,molybdates,88.0,5.2546,5.2546,11.5052,90.0,90.0,90.0,True,obelix,train,10.1007/s12039-011-0068-5
qa9,Li3BN2,-9.795880017344077,boron nitride,136.0,4.6435,4.6435,5.2592,90.0,90.0,90.0,True,obelix,train,10.1016/0022-4596(87)90135-6
hta,La0.565Li0.305TiO3,-3.0190880622231564,perovskites,123.0,3.8727,3.8727,7.751,90.0,90.0,90.0,True,obelix,train,10.1016/s0167-2738(00)00761-x
s3h,La0.5Li0.5TiO3,-3.0338582672609675,perovskites,123.0,3.8688,3.86885,7.7462,90.0,90.0,90.0,True,obelix,train,10.1016/s0167-2738(00)00761-x
nua,Li(LaTiO4),-10.0,perovskites,129.0,3.77,3.77,12.076,90.0,90.0,90.0,True,obelix,train,10.4028/www.scientific.net/msf.321-324.965
3rx,Li(NdTiO4),-10.0,perovskites,129.0,3.7465,3.7465,11.895,90.0,90.0,90.0,True,obelix,train,10.4028/www.scientific.net/msf.321-324.965
7e5,La0.65Li0.05(Mg0.5W0.5)O3,-6.7447274948966935,perovskites,129.0,5.533,5.533,7.903,90.0,90.0,90.0,True,obelix,train,10.1016/j.ssi.2004.05.010
sib,La0.63Li0.11(Mg0.5W0.5)O3,-5.167491087293763,perovskites,129.0,5.534,5.534,7.903,90.0,90.0,90.0,True,obelix,train,10.1016/j.ssi.2004.05.010
r99,La0.62 Li0.14(Mg0.5W0.5)O3,-4.920818753952375,perovskites,129.0,5.533,5.533,7.903,90.0,90.0,90.0,True,obelix,train,10.1016/j.ssi.2004.05.010
lol,Li4PS4I,-3.9208187539523753,thio-LISICON,129.0,8.48284,8.48284,5.93013,90.0,90.0,90.0,True,obelix,train,10.1021/acs.chemmater.7b00013
d7f,Li3BiO4,-9.387216143280265,oxides,136.0,8.75298,8.75298,4.22469,90.0,90.0,90.0,True,obelix,train,10.1016/j.ssi.2015.10.016
j8q,Li10GeP2S12,-1.91721462968355,LGPS,137.0,8.719,8.719,12.639,90.0,90.0,90.0,True,obelix,train,10.1039/c4ta05231e|10.1021/acs.chemmater.7b00886
824,Li10.35Ge1.35P1.65S12,-1.8416375079047504,LGPS,137.0,8.713023,8.713023,12.639695,90.0,90.0,90.0,True,obelix,train,10.1039/c4ta05231e
02p,Li10SiP2S12,-2.638272163982407,LGPS,137.0,8.6512,8.6512,12.5095,90.0,90.0,90.0,True,obelix,train,10.1149/2.0501412jes
9lx,Li10SnP2S12,-2.154901959985743,LGPS,137.0,8.7057,8.7057,12.7389,90.0,90.0,90.0,True,obelix,train,10.1021/ja407393y
mtn,Li10GeP2S12,-1.609064892896621,LGPS,137.0,8.71121,8.71121,12.6078,90.0,90.0,90.0,True,obelix,train,10.1021/acs.chemmater.8b00266
9rc,Li10(Ge0.776Sn0.224)P2S12,-1.85078088734462,LGPS,137.0,8.71859,8.71859,12.6514,90.0,90.0,90.0,True,obelix,train,10.1021/acs.chemmater.8b00266
13q,Li10SnP2S12,-2.4001169279263124,LGPS,137.0,8.73685,8.73685,12.7573,90.0,90.0,90.0,True,obelix,train,10.1021/acs.chemmater.8b00266
ik8,Li10(Ge0.416Sn0.584)P2S12,-2.1290111862394245,LGPS,137.0,8.72902,8.72902,12.7065,90.0,90.0,90.0,True,obelix,train,10.1021/acs.chemmater.8b00266
nip,Li9.81Sn0.81P2.19S12,-2.2596373105057563,LGPS,137.0,8.73764,8.73764,12.7166,90.0,90.0,90.0,True,obelix,train,10.1107/s2052520615022283
1hh,Li10GeP2S12,-1.9208187539523751,LGPS,137.0,8.69407,8.69407,12.5994,90.0,90.0,90.0,True,obelix,train,10.1038/nmat3066
8ub,Li10.5(Sn0.2Si0.8)1.5P1.5S12,-2.0560111249262283,LGPS,137.0,8.69204,8.69204,12.6166,90.0,90.0,90.0,True,obelix,train,10.1021/acs.chemmater.7b00886
7tu,Li10.2(Sn0.2Si0.8)1.2P1.8S12,-2.106793246940152,LGPS,137.0,8.65173,8.65173,12.5349,90.0,90.0,90.0,True,obelix,train,10.1021/acs.chemmater.7b00886
ui6,Li10.35(Sn0.27Si1.08)P1.65S12,-1.958607314841775,LGPS,137.0,8.67822,8.67822,12.5744,90.0,90.0,90.0,True,obelix,train,10.1021/acs.chemmater.7b00886
nkr,Li10GeP2S12,-2.844663962534938,LGPS,137.0,8.694,8.694,12.599,90.0,90.0,90.0,True,obelix,train,10.1016/j.ssi.2017.01.014
k4x,Li10.35Si1.35P1.65S12,-2.1870866433571443,LGPS,137.0,8.68385,8.68385,12.55589,90.0,90.0,90.0,True,obelix,train,10.1107/s2052520615022283
ia5,LiLaNb2O7,-8.0,perovskites,139.0,3.8798,3.8798,20.3597,90.0,90.0,90.0,True,obelix,train,10.1016/0925-8388(93)90192-p
sg0,LiScO2,-10.0,oxides,141.0,4.1791,4.1791,9.361,90.0,90.0,90.0,True,obelix,train,10.2320/matertrans.y-m2016816
97b,Li0.9Sc0.9Zr0.1O2,-10.0,oxides,141.0,4.1804,4.1804,9.4186,90.0,90.0,90.0,True,obelix,train,10.2320/matertrans.y-m2016816
wyu,Li7La3Zr2O12,-5.787812395596042,garnet,142.0,13.134,13.134,12.663,90.0,90.0,90.0,True,obelix,train,10.1016/j.jssc.2009.05.020
019,LiTi2(PO4)3,-3.7931741239681513,NASICON,168.0,8.5112,8.5112,20.8479,90.0,90.0,120.0,True,obelix,train,10.1021/ic400577v
yqu,Li1.2Ti1.8Al0.2(PO4)3,-2.3169529617611504,NASICON,148.0,8.502,8.502,20.818,90.0,90.0,120.0,True,obelix,train,10.1021/ic400577v
95j,Li3AlH6,-6.853871964321762,hydrides,148.0,8.07117,8.07117,9.513,90.0,90.0,120.0,True,obelix,train,10.1063/1.3356981
0iv,Li4P2S6,-6.623423042943488,thio-phosphate,162.0,6.075,6.075,6.595,90.0,90.0,120.0,True,obelix,train,10.1016/j.ssi.2015.10.015
2ro,Li4P2S6,-9.795880017344077,thio-phosphate,162.0,6.0773,6.0773,6.5985,90.0,90.0,120.0,True,obelix,train,10.1021/acs.chemmater.6b04175
deu,Li4.4Al0.4Ge0.6S4,-4.366531544420414,sulfides,164.0,7.9496,7.9496,6.1566,90.0,90.0,120.0,True,obelix,train,10.1021/acs.chemmater.8b03175
usu,Li4.4Al0.4Sn0.6S4,-5.366531544420414,sulfides,164.0,8.0184,8.0184,6.2856,90.0,90.0,120.0,True,obelix,train,10.1021/acs.chemmater.8b03175
ur9,LiZr2(PO4)3,-9.0,NASICON,167.0,8.847,8.847,22.24,90.0,90.0,120.0,True,obelix,train,10.1016/0025-5408(86)90194-7
0o6,Li1.2Ti1.8Sc0.2(PO4)3,-4.000869458712629,,167.0,8.527,8.527,20.924,90.0,90.0,120.0,True,obelix,train,10.1021/acs.inorgchem.6b02274
4ba,LiGe2(PO4)3,-6.47755576649368,NASICON,167.0,8.287,8.287,20.475,90.0,90.0,120.0,True,obelix,train,10.1002/chin.199345017
qea,LiTi2(PO4)3,-5.698970004336019,NASICON,167.0,8.512,8.512,20.858,90.0,90.0,120.0,True,obelix,train,10.1149/1.2086597
ldx,LiGe2(PO4)3,-8.316052869248487,NASICON,167.0,8.27059,8.27059,20.4652,90.0,90.0,120.0,True,obelix,train,10.1021/acsami.8b00842
0fh,Li1.2Al0.2Ge1.8(PO4)3,-4.316052869248487,NASICON,167.0,8.2619,8.2619,20.5656,90.0,90.0,120.0,True,obelix,train,10.1021/acsami.8b00842
gw2,Li1.4Al0.4Ge1.6(PO4)3,-3.72584215073632,NASICON,167.0,8.25565,8.25565,20.6319,90.0,90.0,120.0,True,obelix,train,10.1021/acsami.8b00842
1xf,Li1.5Al0.5Ge1.5(PO4)3,-3.473660722610156,NASICON,167.0,8.25658,8.25658,20.6523,90.0,90.0,120.0,True,obelix,train,10.1021/acsami.8b00842
tjh,Li1.7Al0.7Ge1.3(PO4)3,-3.5783960731301687,NASICON,167.0,8.25247,8.25247,20.6936,90.0,90.0,120.0,True,obelix,train,10.1021/acsami.8b00842
8fn,Li1.8Al0.8Ge1.2(PO4)3,-3.863279432843593,NASICON,167.0,8.25004,8.25004,20.7062,90.0,90.0,120.0,True,obelix,train,10.1021/acsami.8b00842
my9,Li1.2Al0.2Ti1.8(PO4)3,-3.2254830342714502,NASICON,167.0,8.5042,8.5042,20.8252,90.0,90.0,120.0,True,obelix,train,10.1149/1.2086597
9s4,Li1.3Al0.3Ti1.7(PO4)3,-3.141462802430361,NASICON,167.0,8.5004,8.5004,20.8156,90.0,90.0,120.0,True,obelix,train,10.1149/1.2086597
iqt,Li1.4Al0.4Ti1.6(PO4)3,-3.4111682744057927,NASICON,167.0,8.4955,8.4955,20.7992,90.0,90.0,120.0,True,obelix,train,10.1149/1.2086597
xa0,Li1.5Al0.5Ti1.5(PO4)3,-3.605548319173784,NASICON,167.0,8.4935,8.4935,20.7994,90.0,90.0,120.0,True,obelix,train,10.1149/1.2086597
pg8,Li1.5Fe0.5Ti1.5(PO4)3,-3.7594507517174,NASICON,167.0,8.5367,8.5367,20.8932,90.0,90.0,120.0,True,obelix,train,10.1149/1.2086597
h7r,Li(Ti1.4Sn0.6)(PO4)3,-4.642065152999546,NASICON,167.0,8.5491,8.5491,21.0473,90.0,90.0,120.0,True,obelix,train,10.1016/j.physb.2011.11.006
9ky,Li(Ti0.6Sn1.4)(PO4)3,-5.025949097207123,NASICON,167.0,8.5983,8.5983,21.2868,90.0,90.0,120.0,True,obelix,train,10.1016/j.physb.2011.11.006
4ea,Li(Ti0.4Sn1.6)(PO4)3,-5.501689446210399,NASICON,167.0,8.6121,8.6121,21.3574,90.0,90.0,120.0,True,obelix,train,10.1016/j.physb.2011.11.006
z7n,Li0.86Hf2.035(PO4)3,-7.036212172654444,NASICON,167.0,8.8306,8.8306,22.027,90.0,90.0,120.0,True,obelix,train,10.1021/cm970078n
lap,Li1.3Al0.3Ti1.7(PO4)3,-2.9469215565165805,NASICON,167.0,8.5012,8.5012,20.8416,90.0,90.0,120.0,True,obelix,train,10.1016/j.ssi.2012.03.045
yp3,LiTi2(PO4)3,-4.221848749616356,NASICON,167.0,8.5087,8.5087,20.9089,90.0,90.0,120.0,True,obelix,train,10.1016/j.ssi.2014.07.018
mg4,Li1.3Al0.3Ti1.7(PO4)3,-2.207608310501746,NASICON,167.0,8.4941,8.4941,20.8586,90.0,90.0,120.0,True,obelix,train,10.1016/j.ssi.2014.07.018
3uq,Li1.3Al0.3Ge1.7(PO4)3,-4.084072788302884,NASICON,167.0,8.26189,8.26189,20.5646,90.0,90.0,120.0,True,obelix,train,10.1021/acsami.8b00842
1dm,Li1.6Al0.6Ge1.4(PO4)3,-3.5466816599529625,NASICON,167.0,8.2526,8.2526,20.6831,90.0,90.0,120.0,True,obelix,train,10.1021/acsami.8b00842
vg0,Li1.5Al0.5Ge1.5(PO4)3,-3.721246399047171,NASICON,167.0,8.2828,8.2828,20.5014,90.0,90.0,120.0,True,obelix,train,10.1016/j.jeurceramsoc.2014.11.023
z9y,Li1.2Al0.2Ti1.8(PO4)3,-2.4710832997223453,NASICON,167.0,8.502,8.502,20.818,90.0,90.0,120.0,True,obelix,train,10.1016/j.jeurceramsoc.2014.11.023
ym6,Li1.3Al0.3Ti1.7(PO4)3,-2.91721462968355,NASICON,167.0,8.5033,8.5033,20.8312,90.0,90.0,120.0,True,obelix,train,10.1016/j.ssi.2014.07.018|10.1016/j.ssi.2016.07.010
qno,LiTi2(PO4)3,-6.416801226031377,NASICON,167.0,8.509,8.509,20.853,90.0,90.0,120.0,True,obelix,train,10.1021/jp973296c
rr5,LiTi2(PO4)3,-4.142667503568732,NASICON,167.0,8.5135,8.5135,20.8705,90.0,90.0,120.0,True,obelix,train,10.1007/s11164-013-1348-0
lpx,Li1.15Y0.15Zr1.85(PO4)3,-4.1487416512809245,NASICON,167.0,8.8727,8.8727,22.1578,90.0,90.0,120.0,True,obelix,train,10.1016/j.jpowsour.2013.03.175
yq2,Li1.1Al0.1Ti1.9(PO4)3,-4.522878745280337,NASICON,167.0,8.508,8.508,20.855,90.0,90.0,120.0,True,obelix,train,10.1016/s0955-2219(99)00055-2
kab,Li1.3Al0.3Ti1.7(PO4)3,-4.425968732272281,NASICON,167.0,8.498,8.498,20.896,90.0,90.0,120.0,True,obelix,train,10.1016/S0955-2219(99)00055-2
dc8,Li9Mg3(PO4)4F3,-10.0,fluorophosphates,173.0,12.6159,12.6159,5.0082,90.0,90.0,120.0,True,obelix,train,10.1039/c3ta15264b
hai,Pb6.12Ca1.9Li1.96(PO4)6,-10.0,phosphates,176.0,9.679,9.679,7.113,90.0,90.0,120.0,True,obelix,train,10.1006/jssc.2002.9596
tvf,Li3(NH2)2I,-5.0,hydrides,186.0,7.09109,7.09109,11.50958,90.0,90.0,120.0,True,obelix,train,10.1021/cm1006857
u8r,Ba3LiTa5ZrSi4O26,-10.0,oxides,189.0,9.0495,9.0495,7.8198,90.0,90.0,120.0,True,obelix,train,10.1016/j.ssi.2015.08.011
gvd,Li3N,-3.2390500485891027,nitrides,191.0,3.648,3.648,3.875,90.0,90.0,120.0,True,obelix,train,10.1039/c0ee00052c
uex,Fe2Na2K(Li3Si12O30),-10.0,sugilites,192.0,10.0617,10.0617,14.0832,90.0,90.0,120.0,True,obelix,train,10.1016/j.jssc.2018.05.008
11b,Li3P,-3.153044674980176,phosphates,194.0,4.273,4.273,7.594,90.0,90.0,120.0,True,obelix,train,10.1016/0167-2738(89)90438-4
fft,Li3N,-3.680893940690224,nitrides,194.0,3.552,3.552,6.311,90.0,90.0,120.0,True,obelix,train,10.1016/0167-2738(83)90045-0
68u,Li5La3Nb2O12,-5.096910013008056,garnet,199.0,12.762,12.762,12.762,90.0,90.0,90.0,True,obelix,train,10.1111/j.1551-2916.2005.00060.x
vy5,(K0.1Li0.9)(SbO3),-7.866461091629782,oxides,201.0,9.681,9.681,9.681,90.0,90.0,90.0,True,obelix,train,10.1016/0167-2738(81)90178-8
rwr,Li8GeP4,-4.7447274948966935,phosphates,205.0,11.80203,11.80203,11.80203,90.0,90.0,90.0,True,obelix,train,10.1021/acs.chemmater.8b02759
pql,Li8SiP4,-4.346787486224656,phosphates,205.0,11.70737,11.70737,11.70737,90.0,90.0,90.0,True,obelix,train,10.1021/acs.chemmater.8b02759
dl7,Li2MgTi3O8,-10.0,oxides,212.0,8.3774,8.3774,8.3774,90.0,90.0,90.0,True,obelix,train,10.1039/a800234g
i12,Li2CoTi3O8,-10.0,oxides,212.0,8.3766,8.3766,8.3766,90.0,90.0,90.0,True,obelix,train,10.1039/a800234g
aui,Li2CoGe3O8,-10.0,oxides,212.0,8.2098,8.2098,8.2098,90.0,90.0,90.0,True,obelix,train,10.1039/a800234g
mfs,Li2ZnGe3O8,-10.0,oxides,212.0,8.1961,8.1961,8.1961,90.0,90.0,90.0,True,obelix,train,10.1039/a800234g
jl4,(Li0.61Mg0.39)(Li0.46Mg0.005Ti0.035)Ti1.5O4,-9.18309616062434,oxides,212.0,8.3792,8.3792,8.3792,90.0,90.0,90.0,True,obelix,train,10.1016/j.ssi.2010.06.003
jkq,(Li0.55Mg0.45)(Li0.445Mg0.055)Ti1.5O4,-10.8153085691824,oxides,212.0,8.3806,8.3806,8.3806,90.0,90.0,90.0,True,obelix,train,10.1016/j.ssi.2010.06.003
yav,Li2VCl4,-5.158015195409886,cholorides,216.0,10.377,10.377,10.377,90.0,90.0,90.0,True,obelix,train,10.1016/0167-2738(83)90223-0
9yt,Li6PS5Cl0.25Br0.75,-2.7304870557820835,argyrodites,216.0,9.953,9.953,9.953,90.0,90.0,90.0,True,obelix,train,10.1021/jacs.7b06327
122,Li6PS5Cl,-2.688246138944246,argyrodites,216.0,9.898,9.898,9.898,90.0,90.0,90.0,True,obelix,train,10.1021/jacs.7b06327
ij5,Li6PS5Cl0.5Br0.5,-2.4775557664936803,argyrodites,216.0,9.952,9.952,9.952,90.0,90.0,90.0,True,obelix,train,10.1021/jacs.7b06327
6jf,Li6PS5Br,-2.939302159646388,argyrodites,216.0,10.02,10.02,10.02,90.0,90.0,90.0,True,obelix,train,10.1021/jacs.7b06327
ymc,Li6PS5Br0.5I0.5,-4.581698708680254,argyrodites,216.0,10.109,10.109,10.109,90.0,90.0,90.0,True,obelix,train,10.1021/jacs.7b06327
ywe,Li6PS5I,-5.886056647693163,argyrodites,216.0,10.181,10.181,10.181,90.0,90.0,90.0,True,obelix,train,10.1021/jacs.7b06327
kgl,Li6PS5Cl0.75Br0.25,-2.6458915608525992,argyrodites,216.0,9.8911,9.8911,9.8911,90.0,90.0,90.0,True,obelix,train,10.1021/jacs.7b06327
vqj,Li6PS5Br0.75I0.25,-3.9507819773298185,argyrodites,216.0,10.0336,10.0336,10.0336,90.0,90.0,90.0,True,obelix,train,10.1021/jacs.7b06327
h82,Li6PS5Br0.25I0.75,-5.3260580013659125,argyrodites,216.0,10.1108,10.1108,10.1108,90.0,90.0,90.0,True,obelix,train,10.1021/jacs.7b06327
9zr,Li6PS5Br,-3.154281982033341,argyrodites,216.0,9.9773,9.9773,9.9773,90.0,90.0,90.0,True,obelix,train,10.1039/c7ta08581h
a8v,Li6.025P0.975Si0.025S5Br,-3.056505484093897,argyrodites,216.0,9.9819,9.9819,9.9819,90.0,90.0,90.0,True,obelix,train,10.1039/c7ta08581h
09w,Li6.05P0.95Si0.05S5Br,-3.359518563029578,argyrodites,216.0,9.9871,9.9871,9.9871,90.0,90.0,90.0,True,obelix,train,10.1039/c7ta08581h
x2v,Li6.075P0.925Si0.075S5Br,-3.0589857562944305,argyrodites,216.0,9.9938,9.9938,9.9938,90.0,90.0,90.0,True,obelix,train,10.1039/c7ta08581h
bnh,Li6.1P0.95Si0.1S5Br,-3.097453220686009,argyrodites,216.0,10.0024,10.0024,10.0024,90.0,90.0,90.0,True,obelix,train,10.1039/c7ta08581h
x9d,Li6.125P0.875Si0.125S5Br,-3.0447934624580584,argyrodites,216.0,10.0098,10.0098,10.0098,90.0,90.0,90.0,True,obelix,train,10.1039/c7ta08581h
ish,Li6.175P0.825Si0.175S5Br,-3.0310503190186573,argyrodites,216.0,10.0193,10.0193,10.0193,90.0,90.0,90.0,True,obelix,train,10.1039/c7ta08581h
iiy,Li6.2P0.8Si0.2S5Br,-2.7721132953863266,argyrodites,216.0,10.024,10.024,10.024,90.0,90.0,90.0,True,obelix,train,10.1039/c7ta08581h
3zo,Li6.225P0.775Si0.225S5Br,-2.96657624451305,argyrodites,216.0,10.0315,10.0315,10.0315,90.0,90.0,90.0,True,obelix,train,10.1039/c7ta08581h
vj7,Li6.25P0.75Si0.25S5Br,-2.85078088734462,argyrodites,216.0,10.0365,10.0365,10.0365,90.0,90.0,90.0,True,obelix,train,10.1039/c7ta08581h
wsd,Li6.3P0.7Si0.3S5Br,-2.7825160557860937,argyrodites,216.0,10.0521,10.0521,10.0521,90.0,90.0,90.0,True,obelix,train,10.1039/c7ta08581h
10s,Li6.35P0.65Si0.35S5Br,-2.630784142589857,argyrodites,216.0,10.0468,10.0468,10.0468,90.0,90.0,90.0,True,obelix,train,10.1039/c7ta08581h
fkj,Li6.5P0.5Si0.5S5Br,-2.659555885159881,argyrodites,216.0,10.0521,10.0521,10.0521,90.0,90.0,90.0,True,obelix,train,10.1039/c7ta08581h
tt3,Li6PS5Cl,-2.886056647693163,argyrodites,216.0,9.8397,9.8397,9.8397,90.0,90.0,90.0,True,obelix,train,10.1016/j.ssi.2012.06.008
nig,Li6PS5Br,-2.557520230935552,argyrodites,216.0,9.988,9.988,9.988,90.0,90.0,90.0,True,obelix,train,10.1021/acs.inorgchem.8b02443
z16,Li6P(S4.9Se0.1)Br,-2.494850021680094,argyrodites,216.0,9.9902,9.9902,9.9902,90.0,90.0,90.0,True,obelix,train,10.1021/acs.inorgchem.8b02443
hbz,Li6P(S4.8Se0.2)Br,-2.406713932979543,argyrodites,216.0,9.9946,9.9946,9.9946,90.0,90.0,90.0,True,obelix,train,10.1021/acs.inorgchem.8b02443
uut,Li6P(S4.7Se0.3)Br,-2.441291429466834,argyrodites,216.0,9.9974,9.9974,9.9974,90.0,90.0,90.0,True,obelix,train,10.1021/acs.inorgchem.8b02443
cju,Li6P(S4.6Se0.4)Br,-2.438898616350944,argyrodites,216.0,10.0079,10.0079,10.0079,90.0,90.0,90.0,True,obelix,train,10.1021/acs.inorgchem.8b02443
d9l,Li6P(S4.5Se0.5)Br,-2.571865205971211,argyrodites,216.0,10.0176,10.0176,10.0176,90.0,90.0,90.0,True,obelix,train,10.1021/acs.inorgchem.8b02443
96f,Li6P(S4.4Se0.6)Br,-2.555955204081924,argyrodites,216.0,10.0259,10.0259,10.0259,90.0,90.0,90.0,True,obelix,train,10.1021/acs.inorgchem.8b02443
1kq,Li6P(S4.3Se0.7)Br,-2.5214335044061564,argyrodites,216.0,10.0265,10.0265,10.0265,90.0,90.0,90.0,True,obelix,train,10.1021/acs.inorgchem.8b02443
c6e,Li6P(S4.2Se0.8)Br,-2.4584207560534197,argyrodites,216.0,10.0332,10.0332,10.0332,90.0,90.0,90.0,True,obelix,train,10.1021/acs.inorgchem.8b02443
t2c,Li6P(S4.1Se0.9)Br,-2.417936637088291,argyrodites,216.0,10.0418,10.0418,10.0418,90.0,90.0,90.0,True,obelix,train,10.1021/acs.inorgchem.8b02443
dlj,Li6P(S4Se)Br,-2.4424927980943423,argyrodites,216.0,10.0522,10.0522,10.0522,90.0,90.0,90.0,True,obelix,train,10.1021/acs.inorgchem.8b02443
w87,Li6PS5Br,-4.494850021680094,argyrodites,216.0,9.98,9.98,9.98,90.0,90.0,90.0,True,obelix,train,10.1002/pssa.201001117
97p,Li6PS5Cl,-4.481486060122113,argyrodites,216.0,9.85,9.85,9.85,90.0,90.0,90.0,True,obelix,train,10.1002/pssa.201001117
p9u,Li6PS5I,-3.657577319177794,argyrodites,216.0,10.142,10.142,10.142,90.0,90.0,90.0,True,obelix,train,10.1002/pssa.201001117
5wz,Li6PS5I,-5.8996294548824375,argyrodites,216.0,10.14516,10.14516,10.14516,90.0,90.0,90.0,True,obelix,train,10.1021/jacs.8b10282
pa1,Li6.6P0.4Ge0.6S5I,-2.283162276700476,argyrodites,216.0,10.24314,10.24314,10.24314,90.0,90.0,90.0,True,obelix,train,10.1021/jacs.8b10282
lxk,Li6.7P0.3Ge0.7S5I,-2.25649023527157,argyrodites,216.0,10.2851,10.2851,10.2851,90.0,90.0,90.0,True,obelix,train,10.1021/jacs.8b10282
1m8,Li6.8P0.2Ge0.8S5I,-2.58838029403677,argyrodites,216.0,10.2998,10.2998,10.2998,90.0,90.0,90.0,True,obelix,train,10.1021/jacs.8b10282
ga9,LiCe(BH4)3Cl,-3.987162775294828,argyrodites,217.0,11.72,11.72,11.72,90.0,90.0,90.0,True,obelix,train,10.1021/cm300792t
240,Li8GeP4,-4.0655015487564325,phosphates,218.0,11.7831,11.7831,11.7831,90.0,90.0,90.0,True,obelix,train,10.1021/acs.chemmater.8b02759
6l9,Li4B7O12Cl,-5.698970004336019,boracites,219.0,12.167,12.167,12.167,90.0,90.0,90.0,True,obelix,train,10.1107/s0567740877009443
gas,Li0.31La0.63(Ti0.9Co0.1)O3,-3.5850266520291822,perovskites,221.0,3.8845,3.8845,3.8845,90.0,90.0,90.0,True,obelix,train,10.1016/j.mseb.2004.07.003
hx7,Li2(OH)Br,-5.920818753952375,antiperovskite,221.0,4.056,4.056,4.056,90.0,90.0,90.0,True,obelix,train,10.1002/ange.201604554
qbb,Li3OBr,-5.958607314841775,antiperovskite,221.0,4.05,4.05,4.05,90.0,90.0,90.0,True,obelix,train,10.1016/j.ssi.2015.11.027
9ph,Li0.19La0.67(Ti0.9Co0.1)O3,-3.96657624451305,perovskites,225.0,7.7722,7.7722,7.7722,90.0,90.0,90.0,True,obelix,train,10.1016/j.mseb.2004.07.003
kkn,Li6NBr3,-8.0,halides,225.0,8.9334,8.9334,8.9334,90.0,90.0,90.0,True,obelix,train,10.1016/j.jallcom.2015.01.082
m0v,Li(Li0.34Ti1.66)O4,-7.219682687859849,oxides,227.0,8.362,8.362,8.362,90.0,90.0,90.0,True,obelix,train,10.1016/j.ssi.2010.06.003
6du,(Li0.916Mg0.084)(Li0.352Mg0.016Ti1.634)O4,-7.761953896871205,oxides,227.0,8.3649,8.3649,8.3649,90.0,90.0,90.0,True,obelix,train,10.1016/j.ssi.2010.06.003
u0c,(Li0.826Mg0.174)(Li0.374Mg0.026Ti1.60)O4,-8.372634143407268,oxides,227.0,8.3666,8.3666,8.3666,90.0,90.0,90.0,True,obelix,train,10.1016/j.ssi.2010.06.003
xub,(Li0.74Mg0.26)(Li0.40Mg0.04Ti1.56)O4,-8.821023052706831,oxides,227.0,8.3703,8.3703,8.3703,90.0,90.0,90.0,True,obelix,train,10.1016/j.ssi.2010.06.003
bjw,Li2MnCl4,-5.319664486585437,chlorides,227.0,10.481,10.481,10.481,90.0,90.0,90.0,True,obelix,train,10.1016/0167-2738(83)90223-0
dvn,Li2MgCl4,-6.204815410317576,chlorides,227.0,10.416,10.416,10.416,90.0,90.0,90.0,True,obelix,train,10.1016/0167-2738(83)90223-0
t3k,Li1.9Mn0.9Ga0.1Cl4,-6.6252516539898965,chlorides,227.0,10.4881,10.4881,10.4881,90.0,90.0,90.0,True,obelix,train,10.1016/s0167-2738(96)00592-9
uxi,Li1.65Mn0.65In0.35Cl4,-7.00436480540245,chlorides,227.0,10.4696,10.4696,10.4696,90.0,90.0,90.0,True,obelix,train,10.1016/s0167-2738(96)00592-9
r5y,Li2CdCl4,-6.236572006437063,chlorides,227.0,10.635,10.635,10.635,90.0,90.0,90.0,True,obelix,train,10.1016/0025-5408(81)90142-2
ek5,LiSrNb2O6F,-10.0,pyrochlore,227.0,10.48371,10.48371,10.48371,90.0,90.0,90.0,True,obelix,train,10.2497/jjspm.65.26
xut,LiSrTa2O6F,-10.0,pyrochlore,227.0,10.46401,10.46401,10.46401,90.0,90.0,90.0,True,obelix,train,10.2497/jjspm.65.26
ckw,LiSr0.9Nb2O6F0.8,-10.0,pyrochlore,227.0,10.4909,10.4909,10.4909,90.0,90.0,90.0,True,obelix,train,10.2497/jjspm.65.26
yab,LiSr0.9Ta2O6F0.8,-10.0,pyrochlore,227.0,10.4687,10.4687,10.4687,90.0,90.0,90.0,True,obelix,train,10.2497/jjspm.65.26
ysm,Li1.1SrNb1.9Zr0.1O6F,-10.0,pyrochlore,227.0,10.48854,10.48854,10.48854,90.0,90.0,90.0,True,obelix,train,10.2497/jjspm.65.26
e81,Li1.1SrTa1.9Zr0.1O6F,-10.0,pyrochlore,227.0,10.46992,10.46992,10.46992,90.0,90.0,90.0,True,obelix,train,10.2497/jjspm.65.26
3qz,Li7La3Zr2O12,-3.9208187539523753,,230.0,12.972,12.972,12.972,90.0,90.0,90.0,True,obelix,train,10.1039/c2jm31413d
uaz,Li6CaLa2Nb2O12,-5.795880017344075,garnet,230.0,12.697,12.697,12.697,90.0,90.0,90.0,True,obelix,train,10.1111/j.1551-2916.2005.00060.x
ka6,Li5La3Ta2O12,-5.179798540514359,garnet,230.0,12.7814,12.7814,12.7814,90.0,90.0,90.0,True,obelix,train,10.1007/s11581-007-0097-8
7o7,Li6BaLa2Ta2O12,-4.530177984021837,garnet,230.0,12.9748,12.9748,12.9748,90.0,90.0,90.0,True,obelix,train,10.1007/s11581-007-0097-8
kji,Li6.4La3Zr1.4Ta0.6O12,-3.0,garnet,230.0,12.922,12.922,12.922,90.0,90.0,90.0,True,obelix,train,10.1039/c2jm31413d
gdr,Li6.2La3Zr1.2Ta0.8O12,-3.494850021680094,garnet,230.0,12.908,12.908,12.908,90.0,90.0,90.0,True,obelix,train,10.1039/c2jm31413d
2wb,Li6.6La3Zr1.6Ta0.4O12,-3.3279021420642825,garnet,230.0,12.947,12.947,12.947,90.0,90.0,90.0,True,obelix,train,10.1149/2.024205esl
hcm,Li5La3Ta2O12,-4.468521082957745,garnet,230.0,12.8311,12.8311,12.8311,90.0,90.0,90.0,True,obelix,train,10.1149/2.024205esl
e6a,Li6.7La3Zr1.7Ta0.3O12,-3.161150909262745,garnet,230.0,12.9721,12.9721,12.9721,90.0,90.0,90.0,True,obelix,train,10.1149/2.024205esl
g5q,Li6.5La3Zr1.5Ta0.5O12,-3.552841968657781,garnet,230.0,12.9187,12.9187,12.9187,90.0,90.0,90.0,True,obelix,train,10.1149/2.024205esl
kbq,Li5La3Bi2O12,-4.721246399047171,garnet,230.0,13.0652,13.0652,13.0652,90.0,90.0,90.0,True,obelix,train,10.1016/j.mseb.2007.07.009
uw9,Li6La2SrBi2O12,-4.698970004336019,garnet,230.0,13.0893,13.0893,13.0893,90.0,90.0,90.0,True,obelix,train,10.1016/j.mseb.2007.07.009
vqu,Li5Nd3Sb2O12,-6.886056647693163,garnet,230.0,12.66238,12.66238,12.66238,90.0,90.0,90.0,True,obelix,train,10.1016/j.materresbull.2007.04.002
xog,Li5La3Sb2O12,-5.107905397309519,garnet,230.0,12.8566,12.8566,12.8566,90.0,90.0,90.0,True,obelix,train,10.1016/j.materresbull.2007.10.035
bi3,Li6SrLa2Sb2O12,-5.200659450546418,garnet,230.0,12.8933,12.8933,12.8933,90.0,90.0,90.0,True,obelix,train,10.1016/j.materresbull.2007.10.035
gcj,Li6(La2Ca)(NbO6)2,-5.876148359032914,garnet,230.0,12.72185,12.72185,12.72185,90.0,90.0,90.0,True,obelix,train,10.1016/j.ssi.2008.01.047
20k,Li6(La2Sr)(NbO6)2,-5.432973633840939,garnet,230.0,12.83078,12.83078,12.83078,90.0,90.0,90.0,True,obelix,train,10.1016/j.ssi.2008.01.047
jej,Li6CaLa2Ta2O12,-5.657577319177793,garnet,230.0,12.725,12.725,12.725,90.0,90.0,90.0,True,obelix,train,10.1016/j.ssi.2008.10.022
hud,Li6BaLa2Ta2O12,-4.886056647693163,garnet,230.0,13.001,13.001,13.001,90.0,90.0,90.0,True,obelix,train,10.1016/j.ssi.2008.10.022
7w5,Li6.75La3Zr1.75Ta0.25O12,-3.0604807473813813,garnet,230.0,12.96,12.96,12.96,90.0,90.0,90.0,True,obelix,train,10.1016/j.jpowsour.2012.01.131
etz,Li7La3Zr2O12,-5.705533773838407,,230.0,12.9727,12.9727,12.9727,90.0,90.0,90.0,True,obelix,train,10.1039/c1cp22108f
ner,Li6BaLa2Ta2O12,-4.772113295386326,garnet,230.0,12.995,12.995,12.995,90.0,90.0,90.0,True,obelix,train,10.1016/j.materresbull.2012.04.032
z2s,Nd3Zr2Al0.5Li5.5O12,-4.4089353929735005,garnet,230.0,12.8158,12.8158,12.8158,90.0,90.0,90.0,True,obelix,train,10.1039/c3ta13252h
72f,(Li6.26Al0.24)La3Zr2O12,-3.677780705266081,garnet,230.0,12.96328,12.96328,12.96328,90.0,90.0,90.0,True,obelix,train,10.1016/j.ssi.2015.04.011
sqm,Li6Ba0.5Sr0.5La2Ta2O12,-5.1487416512809245,garnet,230.0,12.92046,12.92046,12.92046,90.0,90.0,90.0,True,obelix,train,10.1021/am4060194
zxr,Li6SrLa2Ta2O12,-5.267606240177032,garnet,230.0,12.846394,12.846394,12.846394,90.0,90.0,90.0,True,obelix,train,10.1021/am4060194
h89,Li6BaLa2Ta2O12,-4.823908740944319,garnet,230.0,12.99726,12.99726,12.99726,90.0,90.0,90.0,True,obelix,train,10.1021/am4060194
l9r,Li6CaLa2Ta2O12,-5.657577319177793,garnet,230.0,12.70877,12.70877,12.70877,90.0,90.0,90.0,True,obelix,train,10.1021/am4060194
ueu,Li5.74La3Zr1.5Ta0.5O12,-3.0443122496864943,garnet,230.0,12.93,12.93,12.93,90.0,90.0,90.0,True,obelix,train,10.1002/aenm.201570062|10.1002/aenm.201500096
uwh,La3Li5.08Ta1.51Zr0.39O12,-3.987162775294828,garnet,230.0,12.84,12.84,12.84,90.0,90.0,90.0,True,obelix,train,10.1002/aenm.201570062|10.1002/aenm.201500096
gz8,Li5La3Ta2O12,-4.798602875679548,garnet,230.0,12.8176,12.8176,12.8176,90.0,90.0,90.0,True,obelix,train,10.1021/acs.inorgchem.7b00816
419,Li5.3La3Ta1.85Sm0.15O12,-5.148130399270234,garnet,230.0,12.8108,12.8108,12.8108,90.0,90.0,90.0,True,obelix,train,10.1021/acs.inorgchem.7b00816
c0g,Li5.5La3Ta1.75Sm0.25O12,-5.286509456906058,garnet,230.0,12.8206,12.8206,12.8206,90.0,90.0,90.0,True,obelix,train,10.1021/acs.inorgchem.7b00816
kbu,Li5.70La3Ta1.65Sm0.35O12,-4.667561540084395,garnet,230.0,12.8309,12.8309,12.8309,90.0,90.0,90.0,True,obelix,train,10.1021/acs.inorgchem.7b00816
fam,Li5.90La3Ta1.55Sm0.45O12,-4.928117992693875,garnet,230.0,12.846,12.846,12.846,90.0,90.0,90.0,True,obelix,train,10.1021/acs.inorgchem.7b00816
dae,Li6.10La3Ta1.45Sm0.55O12,-4.853871964321762,garnet,230.0,12.8525,12.8525,12.8525,90.0,90.0,90.0,True,obelix,train,10.1021/acs.inorgchem.7b00816
9p1,Li7La3Zr2O12,-3.2448877336049287,,230.0,12.9682,12.9682,12.9682,90.0,90.0,90.0,True,obelix,train,10.1016/j.ssi.2010.12.010
gkl,Li5La3Nb2O12,-5.294136287716081,garnet,230.0,12.718,12.718,12.718,90.0,90.0,90.0,True,obelix,train,10.1016/j.jpowsour.2011.05.031
bqx,Li3Nd3Te2O12,-10.0,garnet,230.0,12.56253,12.56253,12.56253,90.0,90.0,90.0,True,obelix,train,10.1021/cm060992t
2mn,Li7La3Zr2O12,-3.291579099865287,garnet,230.0,12.968,12.968,12.968,90.0,90.0,90.0,True,obelix,train,10.1002/anie.200701144
8k7,Li5La3Ta2O12,-5.812479279163537,garnet,230.0,12.85,12.85,12.85,90.0,90.0,90.0,True,obelix,train,10.1016/j.ssi.2009.11.015
kh3,Li6.5La3Zr1.5Ta0.5O12 ,-3.036212172654445,,230.0,12.945,12.945,12.945,90.0,90.0,90.0,True,obelix,train,10.1039/c2jm31413d
o5q,Li6.8La3Zr1.8Ta0.2O12 ,-3.552841968657781,,230.0,12.964,12.964,12.964,90.0,90.0,90.0,True,obelix,train,10.1039/c2jm31413d
tbj,Li5La3Sb2O12,-5.47755576649368,garnet,230.0,12.84665,12.84665,12.84665,90.0,90.0,90.0,True,obelix,train,10.1016/j.ssi.2008.01.002
zzr,Li10GeP2S12,-2.1191864077192086,,137.0,8.6877,8.6877,12.5827,90.0,90.0,90.0,True,obelix,train,10.1021/jacs.0c10735
kop,Li10Ge0.66Sn0.33P2S12,-2.193820026016113,,137.0,8.7068,8.7068,12.6394,90.0,90.0,90.0,True,obelix,train,10.1021/jacs.0c10735
rty,Li10Ge0.33Sn0.66P2S12,-2.318758762624413,,137.0,8.7182,8.7182,12.6876,90.0,90.0,90.0,True,obelix,train,10.1021/jacs.0c10735
kko,Li10SnP2S12,-2.42021640338319,,137.0,8.7297,8.7297,12.7428,90.0,90.0,90.0,True,obelix,train,10.1021/jacs.0c10735
liv_5,Li2OHCl,-7.148130399,Anti-Perovskite,,,,,,,,True,liverpool,train,10.1002/aenm.201700971
liv_8,Li6PO5Cl,-9.0,Argyrodite,,,,,,,,True,liverpool,train,10.1002/zaac.201000121
liv_24,Li7La3Zr2O12,-5.787812396,Garnet,,,,,,,,True,liverpool,train,10.1016/j.jssc.2009.05.020
liv_35,LiTi2(PO4)3,-6.416801226,NASICON,,,,,,,,True,liverpool,train,10.1021/jp973296c
liv_37,Li10GeP2S12,-2.692503962,Thio-LISICON,,,,,,,,True,liverpool,train,10.1016/j.ssi.2015.02.014
liv_39,Li7P3S11,-2.494850022,Thio-LISICON,,,,,,,,True,liverpool,train,10.1039/C3EE41655K
liv_95,Li5La3Ta2O12,-5.536107011,Garnet,,,,,,,,True,liverpool,train,10.1007/s11581-007-0097-8
liv_96,Li5La3Ta2O12,-5.882728704,Garnet,,,,,,,,True,liverpool,train,10.1007/s11581-007-0097-8
liv_250,LiGe2(PO4)3,-6.0,NASICON,,,,,,,,True,liverpool,train,10.1016/S0167-2738(97)00434-7
liv_252,Li4Nd3TeSbO12,-8.060480747,Garnet,,,,,,,,True,liverpool,train,10.1021/cm703677q
liv_313,LiTi2(PO4)3,-4.142667504,NASICON,,,,,,,,True,liverpool,train,10.1007/s11164-013-1348-0
liv_387,LiZr2(PO4)3,-5.48148606,NASICON,,,,,,,,True,liverpool,train,10.1016/0167-2738(90)90188-W
liv_391,LiZr2(PO4)3,-7.301029996,NASICON,,,,,,,,True,liverpool,train,10.1016/j.jpowsour.2013.03.175
liv_409,Li2CrTi(PO4)3,-6.355561411,NASICON,,,,,,,,True,liverpool,train,10.1016/S0167-2738(96)00565-6
liv_410,Li2FeTi(PO4)3,-6.476253533,NASICON,,,,,,,,True,liverpool,train,10.1016/S0167-2738(96)00565-6
liv_411,Li2FeZr(PO4)3,-6.841637508,NASICON,,,,,,,,True,liverpool,train,10.1016/S0167-2738(96)00565-6
liv_441,LiGe2(PO4)3,-6.142667504,NASICON,,,,,,,,True,liverpool,train,10.1021/jp9085602
liv_471,LiSn2(PO4)3,-8.698970004,NASICON,,,,,,,,True,liverpool,train,10.1149/1.2220723
liv_495,LiFePO4 ,-8.958607315,Olivine,,,,,,,,True,liverpool,train,10.1016/j.ssi.2008.06.028
liv_499,Li6PS5Cl,-3.270025714,Argyrodite,,,,,,,,True,liverpool,train,10.1016/j.ssi.2012.06.008
liv_500,Li6PS5Cl,-3.424812155,Argyrodite,,,,,,,,True,liverpool,train,10.1016/j.ssi.2012.06.008
liv_502,Li4P2S6,-6.590066877,Glass,,,,,,,,True,liverpool,train,10.1016/j.ssi.2015.10.015
liv_504,Li3OBr,-5.974694135,Anti-Perovskite,,,,,,,,True,liverpool,train,10.1016/j.ssi.2015.11.027
liv_534,LiTi2P3O12,-6.397940009,NASICON,,,,,,,,True,liverpool,train,10.1016/0167-2738(94)90332-8
liv_535,LiZr2P3O12,-7.301029996,NASICON,,,,,,,,True,liverpool,train,10.1016/0167-2738(94)90332-8
liv_541,Li3PO4,-12.75696195,LISICON,,,,,,,,True,liverpool,train,10.1021/acs.chemmater.8b01504
liv_542,Li3VO4,-13.03621217,LISICON,,,,,,,,True,liverpool,train,10.1021/acs.chemmater.8b01504
liv_555,Li4GeO4,-11.88605665,LISICON,,,,,,,,True,liverpool,train,10.1021/acs.chemmater.8b01504
liv_561,Li6PS5Br,-3.721246399,Argyrodite,,,,,,,,True,liverpool,train,10.1021/acsaem.8b00280
liv_582,Li6PS5I,-3.200659451,Argyrodite,,,,,,,,True,liverpool,train,10.1007/s10008-011-1572-8
liv_587,LiBH4,-7.004803708,Other,,,,,,,,True,liverpool,train,10.1021/acsomega.8b00377
liv_703,Li6NBr3,-6.508638306,Rocksalt,,,,,,,,True,liverpool,train,10.1002/anie.198000741
liv_704,Li4SiO4,-9.698970004,LISICON,,,,,,,,True,liverpool,train,10.1016/0025-5408(76)90235-X
liv_705,Li4GeO4,-11.50863831,LISICON,,,,,,,,True,liverpool,train,10.1016/0025-5408(76)90235-X
liv_706,Li2Ge7O15,-15.30103,Other,,,,,,,,True,liverpool,train,10.1016/0025-5408(76)90235-X
liv_708,LiI,-7.552841969,Rocksalt,,,,,,,,True,liverpool,train,10.1016/0167-2738(81)90020-5
liv_710,Li3P,-3.0,Other,,,,,,,,True,liverpool,train,10.1016/0167-2738(89)90438-4
liv_712,Li3Sc2P3O12,-10.0,NASICON,,,,,,,,True,liverpool,train,10.1016/j.materresbull.2007.08.007
liv_714,LiLa(TiO3)2,-3.0,Perovskite,,,,,,,,True,liverpool,train,10.1016/S0167-2738(00)00761-X
liv_716,Li3VO4,-5.777283529,LISICON,,,,,,,,True,liverpool,train,10.1016/S0924-0136(01)01044-5
liv_717,Li7P3S11,-3.063989204,Thio-LISICON,,,,,,,,True,liverpool,train,10.1021/acs.chemmater.7b04842
liv_718,Li4BN3H10,-3.698970004,Other,,,,,,,,True,liverpool,train,10.1021/Ja907249p
liv_722,Li2NH,-3.595166283,Other,,,,,,,,True,liverpool,train,10.1039/c2cp23636b
liv_725,Li3N,-3.240332155,Other,,,,,,,,True,liverpool,train,10.1039/C0EE00052C
liv_730,Li4B7O12Cl,-7.0,Other,,,,,,,,True,liverpool,train,10.1107/S0567740877009443
liv_733,Li5La3Nb2O12,-5.096910013,Garnet,,,,,,,,True,liverpool,train,10.1111/j.1151-2916.2003.tb03318.x
liv_755,Li6PS5Br,-3.15864053,Argyrodite,,,,,,,,True,liverpool,train,10.1039/c7ta08581h
liv_765,Li2SiS3,-5.698970004,Thio-LISICON,,,,,,,,True,liverpool,train,10.1016/0025-5408(89)90053-6
liv_775,Li7La3Zr2O12 ,-5.818156412,Garnet,,,,,,,,True,liverpool,train,10.1016/j.jssc.2009.05.020
liv_776,Li7La3Hf2O12,-6.01188716,Garnet,,,,,,,,True,liverpool,train,10.1016/j.jssc.2009.10.030
liv_778,Li7P3S11,-2.494850022,Thio-LISICON,,,,,,,,True,liverpool,train,10.1016/j.ssi.2006.04.017
liv_781,Li4GeS4,-6.600153287,Thio-LISICON,,,,,,,,True,liverpool,train,10.1016/S0167-2738(00)00277-0
liv_783,Li4P2S6,-9.795880017,Thio-LISICON,,,,,,,,True,liverpool,train,10.1021/acs.chemmater.6b04175
liv_789,Li4SnS4,-4.15490196,Thio-LISICON,,,,,,,,True,liverpool,train,10.1021/cm3011315
liv_791,Li2SnS3,-4.866461092,Rocksalt,,,,,,,,True,liverpool,train,10.1021/cm5037524
liv_792,Li3PS4,-3.795880017,Thio-LISICON,,,,,,,,True,liverpool,train,10.1021/ja3110895
liv_821,Li10SiP2S12,-2.638272164,Thio-LISICON,,,,,,,,True,liverpool,train,10.1149/2.0501412jes
liv_867,Li7La3Zr2O12,-4.638272164,Garnet,,,,,,,,True,liverpool,train,10.1016/j.jpowsour.2012.02.031
liv_903,LiMgPO4,-11.19997064,Olivine,,,,,,,,True,liverpool,train,10.1021/cm504518q
liv_2005,Li5La3Sb2O12,-5.685784276,Garnet,,,,,,,,True,liverpool,train,10.1016/j.ssi.2008.01.002
liv_2006,LiAlSi2O6,-8.457685004,Glass,,,,,,,,True,liverpool,train,10.1016/j.ssi.2009.02.028
liv_2008,Li3Fe2P3O12,-7.953862132,Glass-Ceramic,,,,,,,,True,liverpool,train,10.1016/0167-2738(90)90442-T
liv_2014,LiGaSiO4,-10.9652893,Phenakite,,,,,,,,True,liverpool,train,10.1016/0167-2738(87)90048-8
liv_2024,Li3Fe(MoO4)3,-9.229824822,Lysonite,,,,,,,,True,liverpool,train,10.1039/B301189e
liv_2025,Li6FeCl8,-7.047042731,Rocksalt,,,,,,,,True,liverpool,train,10.1002/zaac.19875531020
liv_2029,Li6NiCl8,-9.569675406,Rocksalt,,,,,,,,True,liverpool,train,10.1002/zaac.19875531020
liv_2030,Li6CoCl8,-5.821821295,Rocksalt,,,,,,,,True,liverpool,train,10.1002/zaac.19875531020
liv_2031,LiF,-13.92960042,Rocksalt,,,,,,,,True,liverpool,train,"Journal De Physique 26 339-341, 1965"
